id	url	source	notes
1	https://jobs.ashbyhq.com/brightwheel/58a74254-6afd-442d-a4d9-975a48f72e84	Ashby	Brightwheel
2	https://job-boards.greenhouse.io/eve/jobs/4249655009	Greenhouse	Eve
6	https://jobs.ashbyhq.com/grow-therapy/217e11c5-591e-4107-a59e-004717647981	Ashby	Grow Therapy
7	https://jobs.lever.co/activecampaign/c6b6ad6b-d5f5-4999-944d-d5fb86e1d8d4	Lever	ActiveCampaign
8	https://job-boards.greenhouse.io/gongio/jobs/4685199006	Greenhouse	Gong
10	https://www.realworkfromanywhere.com/jobs/content-marketing-manager-livekit-8407	Aggregator	Real Work From Anywhere — Marketing
11	https://www.realworkfromanywhere.com/jobs/senior-content-marketing-manager-instrumentl-7672	Aggregator	Real Work From Anywhere — Marketing
12	https://job-boards.greenhouse.io/pilothq/jobs/8579281002	Greenhouse	Pilothq
13	https://jobs.ashbyhq.com/mednet/b4af6f04-383d-41e3-a4b5-05fd4f4e7f90	Ashby	Mednet
14	https://jobs.lever.co/cscgeneration-2/0255ec7c-1b16-4fa8-a2c0-fa7fb2e77890	Lever	Cscgeneration 2
15	https://jobs.lever.co/bpmcpa/2d19ce67-5224-4e2a-bc77-2278bd22b437	Lever	Bpmcpa
16	https://jobs.ashbyhq.com/Superhuman%20Platform%20Inc/67264be5-4344-450e-a883-34ffb0f47fe9	Ashby	Coda (Superhuman)
17	https://jobs.ashbyhq.com/Superhuman%20Platform%20Inc/77c53491-9a54-4ad3-b5ab-bf0829a95330	Ashby	Coda (Superhuman)
18	https://jobs.ashbyhq.com/hims-and-hers/a1875729-c475-4048-becb-c4dfaafd554f	Ashby	Hims & Hers
19	https://jobs.ashbyhq.com/Superhuman%20Platform%20Inc/5a04d9ce-d05f-42a2-bb1d-14435661b7d2	Ashby	Coda (Superhuman)
23	https://remotive.com/remote-jobs/writing/copywriter-1749306	Other	Coalition Technologies
24	https://jobs.ashbyhq.com/assorthealth/03eca3a3-4332-47cd-a109-a69acf242c32	Ashby	Assorthealth
25	https://jobs.ashbyhq.com/magicschool/563119cf-93cd-45ea-8e2d-1d2de46ac10d	Pipeline	MagicSchool AI - Senior Customer Success Manager, Texas
26	https://jobs.ashbyhq.com/ClassDojo/bb9878d7-dd89-4488-83e3-bf43b48bb721	Pipeline	ClassDojo - District Onboarding Manager (Contract, Remote)
27	https://jobs.ashbyhq.com/ClassDojo/c0d60fa5-2632-4db7-8194-813fe74f1801	Pipeline	ClassDojo - Technical Implementation Specialist (Contract, Remote)
28	https://jobs.ashbyhq.com/instructure/56044b9e-4930-4e39-a503-551d4fce78ae	Pipeline	Instructure (Canvas LMS) - Manager Marketing, Customer Marketing NORAM K-12
29	https://jobs.ashbyhq.com/instructure/b6afa2ac-988c-45ab-98a4-616b217a9de8	Pipeline	Instructure (Canvas LMS) - Customer Success Manager, K-12
30	https://jobs.ashbyhq.com/literati/93d258a1-a9d8-479f-86b5-1efbe1deccf1	Pipeline	Literati - Social Media Manager
31	https://jobs.ashbyhq.com/sweedpos.com/eb3ee324-c973-4e45-91a1-1a4113a49a78	Pipeline	Sweed (SweedPOS) - Implementation Manager
33	https://jobs.ashbyhq.com/Superhuman%20Platform%20Inc/aef94d39-33b0-4fd9-9a50-abbcbe2a353c	Pipeline	Coda (Superhuman) - Senior Customer Success Manager
34	https://jobs.ashbyhq.com/Superhuman%20Platform%20Inc/93031622-0101-4fde-93b2-b27e04793785	Pipeline	Coda (Superhuman) - Senior Account Based Marketing Manager
35	https://jobs.ashbyhq.com/Superhuman%20Platform%20Inc/5ab66347-bba9-4cc3-8439-4f4028ebd504	Pipeline	Coda (Superhuman) - Partner Technical Enablement Manager
39	https://jobs.ashbyhq.com/ClassDojo/14d07a37-2830-4b96-b871-89332f638199	Pipeline	ClassDojo - Product Marketing Lead, Consumer
40	https://jobs.ashbyhq.com/ClassDojo/958802d6-b30b-4d4f-8d38-a8436af2f5e8	Pipeline	ClassDojo - B2B Content & Thought Leadership Strategist (Contract)
41	https://jobs.ashbyhq.com/instructure/af847468-e737-49cb-8ad5-d54875694199	Pipeline	Instructure (Canvas LMS) - Assessment Item Writer/Editor (CONTRACT)
42	https://jobs.ashbyhq.com/instructure/607c1938-d24f-4bd8-9c86-5992d2e16a10	Pipeline	Instructure (Canvas LMS) - Customer Success Representative (Inbound)
43	https://jobs.ashbyhq.com/instructure/4c3d1cac-4d7d-47fd-9e70-ba92f419551e	Pipeline	Instructure (Canvas LMS) - Partner Success Manager
44	https://jobs.ashbyhq.com/sweedpos.com/6cc5829f-a393-4a4f-97de-ef8a7e85cd66	Pipeline	Sweed (SweedPOS) - Senior Brand & Marketing Designer
45	https://jobs.ashbyhq.com/Superhuman%20Platform%20Inc/9851d6df-1f29-44ae-8ab3-943554249469	Pipeline	Coda (Superhuman) - Performance Marketing Lead, Paid Social, Display & Video
46	https://jobs.ashbyhq.com/hims-and-hers/628282ac-35f0-49d8-84e0-afc90bdf8d0a	Pipeline	Hims & Hers - Director, Paid Social Performance Marketing
47	https://jobs.ashbyhq.com/hims-and-hers/6dd29fcd-635c-4add-8c5e-ad2510d99272	Pipeline	Hims & Hers - Director, Product Communications (Hims)
48	https://jobs.ashbyhq.com/hims-and-hers/3f801346-9b06-4333-ba34-e7bc09454c3d	Pipeline	Hims & Hers - Director, Product Communications (Hers)
49	https://jobs.ashbyhq.com/classdojo/2761f47a-24e1-4b22-9a7a-3f059cfb3370	Pipeline	ClassDojo - Strategy and Operations Lead, Tutor
50	https://jobs.ashbyhq.com/classdojo/ee003035-bd6b-4814-8550-83a2c8db33e8	Pipeline	ClassDojo - District Partnerships Manager
51	https://jobs.ashbyhq.com/classdojo/e454b47a-ae81-4439-b110-0c7bc9672bfa	Pipeline	ClassDojo - Recruiting Coordinator (Contract)
52	https://jobs.ashbyhq.com/magicschool/a879f58d-4479-4886-86f2-5ac62108958b	Pipeline	MagicSchool AI - Senior Customer Success Revenue Operations Manager
53	https://jobs.lever.co/fi/ef069e3b-ecea-4ab7-82cb-79880be964d0	Pipeline	Fi Smart Dog Collar - Customer Experience Agent, HQ
54	https://jobs.lever.co/rover/7b202950-e237-4f6a-b448-7949ebd6b72f	Pipeline	Rover - Director, FP&A - Growth
55	https://jobs.lever.co/rover/8405728c-29ce-4929-b837-1dbfbf15804a	Pipeline	Rover - Director, Global Provider GTM
56	https://jobs.lever.co/rover/39d3ac92-277f-40f9-86cc-fdb5bc8d4bb1	Pipeline	Rover - Director, Provider Product Marketing
57	https://jobs.lever.co/rover/7d0a9995-f26f-4cc0-99c6-d7a93b89a45b	Pipeline	Rover - Senior Marketing Manager
58	https://jobs.lever.co/ppfa/35a4f5c7-cdc5-4b43-bf96-8c34cd2634f6	Pipeline	Planned Parenthood - Associate Director, Strategic Communications
59	https://jobs.lever.co/ppfa/390f1ca1-4635-49b2-9057-6b4f0d584aeb	Pipeline	Planned Parenthood - Senior Specialist, Grants and Compliance
60	https://jobs.lever.co/ppfa/69d3b6da-edb1-427b-86bc-721570a7b6b4	Pipeline	Planned Parenthood - Specialist, Learning and Leadership Development
61	https://job-boards.greenhouse.io/hs/jobs/7792678	Pipeline	Headspace - Billing Specialist
62	https://job-boards.greenhouse.io/hs/jobs/7908962	Pipeline	Headspace - Director, AI Enablement
63	https://job-boards.greenhouse.io/hs/jobs/7894753	Pipeline	Headspace - Director, B2B Product Marketing
64	https://job-boards.greenhouse.io/hs/jobs/4723824	Pipeline	Headspace - Join our Talent Community as an Online Mental Health Coach!
65	https://job-boards.greenhouse.io/hs/jobs/4723816	Pipeline	Headspace - Join our Talent Community as a Part Time Therapist!
66	https://job-boards.greenhouse.io/hs/jobs/7958129	Pipeline	Headspace - Senior Member Marketing Manager
67	https://job-boards.greenhouse.io/hs/jobs/7968223	Pipeline	Headspace - Senior Product Scientist (Marketing Intelligence)
68	https://job-boards.greenhouse.io/betterhelpcom/jobs/5198710008	Pipeline	BetterHelp - Clinical Quality Assurance Specialist
69	https://job-boards.greenhouse.io/betterhelpcom/jobs/5219734008	Pipeline	BetterHelp - Credentialing Specialist
70	https://job-boards.greenhouse.io/betterhelpcom/jobs/5148474008	Pipeline	BetterHelp - Director, International Marketing
71	https://job-boards.greenhouse.io/betterhelpcom/jobs/5231107008	Pipeline	BetterHelp - Provider Acquisition Specialist
72	https://job-boards.greenhouse.io/betterhelpcom/jobs/5222761008	Pipeline	BetterHelp - Senior Manager of Provider Brand and Integrated Marketing
73	https://job-boards.greenhouse.io/betterhelpcom/jobs/5202313008	Pipeline	BetterHelp - Senior Manager, US Spanish Growth
74	https://jobs.ashbyhq.com/sondermind/380a79f0-e846-47b1-82d4-314ede42cd9f	Pipeline	SonderMind - Clinical Quality Specialist
75	https://jobs.ashbyhq.com/rula/53a8304e-7262-4fb6-a22e-e4048a8d4555	Pipeline	Rula - Healthcare Partnerships Manager (Remote - San Francisco Bay Area)
76	https://jobs.ashbyhq.com/rula/d6926259-4002-44fd-a24d-57a88d804eb8	Pipeline	Rula - Revenue Operations Manager (Remote)
77	https://jobs.ashbyhq.com/rula/1fa45e2c-f1b3-49af-a0ee-17c560cfed77	Pipeline	Rula - Sr. Operations Analytics Manager (Remote)
78	https://jobs.ashbyhq.com/rula/0cbca97b-d107-42ce-aec8-a5d113c9bbad	Pipeline	Rula - Sr. Healthcare Partnerships Associate (Remote - South Florida)
79	https://jobs.ashbyhq.com/rula/7ec5e847-a240-4e02-8195-43859e49b506	Pipeline	Rula - Sr. Partnerships Manager - West Coast (Remote)
80	https://jobs.ashbyhq.com/rula/79e3ab23-545d-42f5-8f3b-b48e782cf559	Pipeline	Rula - Sales Advisor (Remote)
81	https://jobs.ashbyhq.com/rula/4649e5b2-8d79-4efc-9c0c-4c15cc562917	Pipeline	Rula - Psychiatric Patient Programs Specialist (Remote)
82	https://jobs.ashbyhq.com/grow-therapy/de960516-8189-4483-be53-db2234158a2a	Pipeline	Grow Therapy - Program Manager, AI Operations Enablement
83	https://jobs.ashbyhq.com/grow-therapy/66896dff-f0e1-4fe6-b9ff-3d425f2a542c	Pipeline	Grow Therapy - Specialist III, Enrollment Operations
84	https://jobs.ashbyhq.com/grow-therapy/5df25d78-a2e8-427b-9b6f-1370fdda8f50	Pipeline	Grow Therapy - Senior Technical Program Manager
85	https://jobs.ashbyhq.com/grow-therapy/76b14f89-f722-4066-8d7d-18300261e959	Pipeline	Grow Therapy - Senior Technical Program Manager - Internal Foundations
86	https://jobs.ashbyhq.com/grow-therapy/9a88e06a-243a-478d-8b06-677b2b86b5a2	Pipeline	Grow Therapy - Senior People Business Partner
88	https://job-boards.greenhouse.io/thedutchie/jobs/8555032002	Pipeline	Dutchie - Enterprise Customer Success Manager
89	https://job-boards.greenhouse.io/thedutchie/jobs/8577622002	Pipeline	Dutchie - Implementation Strategist
90	https://jobs.lever.co/activecampaign/a341b1cc-b3fb-4f0f-b05a-29c20789b13b	Pipeline	ActiveCampaign - Customer Experience Specialist - English
91	https://jobs.lever.co/activecampaign/197faf2d-6134-4ef0-9258-656fb2ecc2a8	Pipeline	ActiveCampaign - Customer Experience Specialist - German
92	https://jobs.lever.co/activecampaign/256d08a8-09c2-4a96-bc63-1d37f9cf7c2d	Pipeline	ActiveCampaign - Customer Experience Specialist - Italian
93	https://jobs.lever.co/activecampaign/daa37a01-d267-440e-b52f-305f34b8bb3e	Pipeline	ActiveCampaign - Customer Experience Specialist - Portuguese
95	https://jobs.lever.co/activecampaign/1e2c06b3-449a-4c5a-8ef1-6d6750c74e34	Pipeline	ActiveCampaign - People Coordinator
96	https://job-boards.greenhouse.io/nabis/jobs/6009617004	Pipeline	Nabis - Customer Experience Associate
97	https://job-boards.greenhouse.io/nabis/jobs/6008796004	Pipeline	Nabis - Human Resources Business Partner
98	https://job-boards.greenhouse.io/nabis/jobs/6014599004	Pipeline	Nabis - Operations Manager
99	https://job-boards.greenhouse.io/nabis/jobs/5813235004	Pipeline	Nabis - Operations Manager
100	https://job-boards.greenhouse.io/nabis/jobs/5986766004	Pipeline	Nabis - Operations Manager - Bronx
101	https://job-boards.greenhouse.io/nabis/jobs/5825882004	Pipeline	Nabis - Operations Supervisor-  Bronx
102	https://job-boards.greenhouse.io/nabis/jobs/5995049004	Pipeline	Nabis - Operations Supervisor- LA
103	https://job-boards.greenhouse.io/nabis/jobs/5921161004	Pipeline	Nabis - Senior Operations Manager
104	https://job-boards.greenhouse.io/nabis/jobs/5972820004	Pipeline	Nabis - Senior Operations Manager- Rochester (Relocation Assistance Available)
105	https://job-boards.greenhouse.io/gongio/jobs/4681054006	Pipeline	Gong - Director, Content Marketing
106	https://job-boards.greenhouse.io/gongio/jobs/4678879006	Pipeline	Gong - Enterprise Growth Revenue Architect
107	https://job-boards.greenhouse.io/gongio/jobs/4666929006	Pipeline	Gong - GTM Data Architect
108	https://job-boards.greenhouse.io/gongio/jobs/4647899006	Pipeline	Gong - Principal Product Marketing Manager
109	https://job-boards.greenhouse.io/gongio/jobs/4668642006	Pipeline	Gong - RevOps Manager, Territory Strategy & Operations
110	https://job-boards.greenhouse.io/gongio/jobs/4676683006	Pipeline	Gong - Senior GTM Automation & Systems Manager
111	https://job-boards.greenhouse.io/gongio/jobs/4674548006	Pipeline	Gong - Senior IT Services Specialist I
112	https://job-boards.greenhouse.io/gongio/jobs/4670735006	Pipeline	Gong - Sr. Design Manager, Brand Creative
114	https://job-boards.greenhouse.io/gongio/jobs/4674642006	Pipeline	Gong - Sr. Marketing Analytics Manager
115	https://jobs.ashbyhq.com/zapier/f1dfbcc1-cd0e-43b1-a0d1-568a71d79d68	Pipeline	Zapier - Talent Community Form
116	https://jobs.ashbyhq.com/zapier/45b2c110-f8e0-497a-914c-72fddf447ed0	Pipeline	Zapier - Automation Strategist (Customer Success)
117	https://jobs.ashbyhq.com/zapier/1b2cca86-4645-4891-b90b-74b00aeb483f	Pipeline	Zapier - Director, Product Marketing
118	https://jobs.ashbyhq.com/zapier/a00b98bf-60ff-4959-b748-473542c8991c	Pipeline	Zapier - Sr. Virtual Programs Specialist
119	https://jobs.ashbyhq.com/zapier/09eb1ac8-2a49-44e0-8463-bfa6e72000cf	Pipeline	Zapier - Senior Manager, Marketing Operations
252	https://job-boards.greenhouse.io/personalizedbeautydiscoveryincdbaipsy/jobs/5204866008	Pipeline	Ipsy / BFA Industries - Brand Partnership Coordinator
253	https://job-boards.greenhouse.io/personalizedbeautydiscoveryincdbaipsy/jobs/5227082008	Pipeline	Ipsy / BFA Industries - Brand Partnerships Manager
254	https://job-boards.greenhouse.io/personalizedbeautydiscoveryincdbaipsy/jobs/5153758008	Pipeline	Ipsy / BFA Industries - Director, E-Commerce Growth and Marketplace Partnerships
255	https://job-boards.greenhouse.io/personalizedbeautydiscoveryincdbaipsy/jobs/5203976008	Pipeline	Ipsy / BFA Industries - Shipping Operations Business Analyst
256	https://job-boards.greenhouse.io/personalizedbeautydiscoveryincdbaipsy/jobs/5198388008	Pipeline	Ipsy / BFA Industries - Talent & Development Partner
257	https://jobs.ashbyhq.com/hims-and-hers/59cb89e2-3ba6-41d3-b560-749abe0f9e18	Pipeline	Hims & Hers - Specialist, Workplace Health & Safety (WHS)
258	https://jobs.ashbyhq.com/hims-and-hers/e1e8606c-5b49-48b6-ba8f-a9b789b3688c	Pipeline	Hims & Hers - Inventory Control Specialist
259	https://jobs.ashbyhq.com/hims-and-hers/15353345-f11a-4034-b544-80f1658d21ca	Pipeline	Hims & Hers - Environmental Monitoring (EM) Specialist (Nights)
260	https://jobs.ashbyhq.com/hims-and-hers/93366d64-6ca5-4f37-9e96-e7b8c4b623b3	Pipeline	Hims & Hers - Operations Manager (Days)
261	https://jobs.ashbyhq.com/hims-and-hers/81e96ac3-1487-4f6e-81cc-f94f8da5fa0d	Pipeline	Hims & Hers - Operations Manager (Nights)
262	https://jobs.ashbyhq.com/hims-and-hers/f5d6d49b-a690-4e49-8f53-d3859e92955a	Pipeline	Hims & Hers - Environmental Monitoring (EM) Specialist
263	https://jobs.ashbyhq.com/hims-and-hers/1d771e0a-facf-44ac-a3fa-a7f9344482ab	Pipeline	Hims & Hers - Sr. Technical Program Manager
264	https://jobs.ashbyhq.com/hims-and-hers/566b85b4-f530-4aaa-924e-2505620ebc90	Pipeline	Hims & Hers - Staff Analyst, Operations
265	https://jobs.ashbyhq.com/hims-and-hers/cb8d3f9b-6013-4ddd-b94f-6597cb339d82	Pipeline	Hims & Hers - Employer Brand Program Manager
266	https://jobs.ashbyhq.com/hims-and-hers/94bb6aa2-9846-4749-af12-efbc6e6a1134	Pipeline	Hims & Hers - Sr. Manager, Non-Sterile Compounding Operations
267	https://jobs.ashbyhq.com/hims-and-hers/4fed4f1d-fdfa-4617-9af4-f013446f6a6e	Pipeline	Hims & Hers - Quality Control Specialist, Sterile (Night Shift)
268	https://jobs.ashbyhq.com/hims-and-hers/ae27778e-3eaa-436b-880f-1cb37466cb7a	Pipeline	Hims & Hers - Quality Control Specialist (Night Shift)
269	https://remoteOK.com/remote-jobs/remote-patient-intake-specialist-aveanna-healthcare-1132996	Pipeline	Aveanna Healthcare - Patient Intake Specialist
270	https://remoteOK.com/remote-jobs/remote-marketing-coordinator-rocky-talkie-1132905	Pipeline	Rocky Talkie - Marketing Coordinator
271	https://remoteOK.com/remote-jobs/remote-implementation-specialist-dossier-digital-competency-management-1132904	Pipeline	Dossier - Digital Competency Management - Implementation Specialist
272	https://remoteOK.com/remote-jobs/remote-executive-director-k12-academic-partnerships-dreamscape-learn-1132896	Pipeline	Dreamscape Learn - Executive Director K12 Academic Partnerships
273	https://remoteOK.com/remote-jobs/remote-team-member-cold-end-saint-gobain-group-in-india-1132910	Pipeline	Saint-Gobain Group in India - TEAM MEMBER COLD END
274	https://remoteOK.com/remote-jobs/remote-administrative-coordinator-uppalcorp-1132901	Pipeline	UppalCorp - Administrative Coordinator
275	https://remoteOK.com/remote-jobs/remote-onboarding-specialist-ezcater-1132855	Pipeline	ezCater - Onboarding Specialist
276	https://remoteOK.com/remote-jobs/remote-data-entry-specialist-assistant-administrator-recruitlytic-hires-1132888	Pipeline	RecruitLytic Hires - Data Entry Specialist Assistant Administrator
277	https://remoteOK.com/remote-jobs/remote-care-coordinator-sondermind-1132858	Pipeline	SonderMind - Care Coordinator
278	https://remoteOK.com/remote-jobs/remote-learning-amp-development-specialist-nestle-health-science-1132856	Pipeline	NestlÃ© Health Science - Learning &amp; Development Specialist
279	https://weworkremotely.com/remote-jobs/acerto-analista-de-crm-pleno-jornada	Pipeline	Acerto - Analista de CRM Pleno - Jornada
280	https://weworkremotely.com/remote-jobs/smartbug-media-point-sucess-globalia-crm-strategist	Pipeline	Smartbug Media/Point Sucess/Globalia - CRM Strategist
281	https://weworkremotely.com/remote-jobs/animalz-senior-content-marketer-seo	Pipeline	Animalz - Senior Content Marketer, SEO
282	https://weworkremotely.com/remote-jobs/compass-business-solutions-marketing-specialist	Pipeline	Compass Business Solutions - Marketing Specialist
283	https://weworkremotely.com/remote-jobs/runway-b2b-marketing-director	Pipeline	Runway - B2B Marketing Director
284	https://weworkremotely.com/remote-jobs/adoreal-web-development-manager-marketing-webflow	Pipeline	Adoreal - Web Development Manager (Marketing & Webflow)
285	https://weworkremotely.com/remote-jobs/dinepalace-com-foodme-mobi-sales-manager-saas-social-media-marketing-philippines	Pipeline	DinePalace.com / Foodme.Mobi - Sales Manager  (SaaS & Social Media Marketing)  - Philippines
286	https://weworkremotely.com/remote-jobs/the-careside-performance-marketing-specialist	Pipeline	The CareSide - Performance Marketing Specialist
287	https://weworkremotely.com/remote-jobs/forager-growth-lead	Pipeline	Forager - Growth Lead
290	https://remotive.com/remote-jobs/customer-service/customer-operations-writing-specialist-2090942	Pipeline	Clerky, Inc. - Customer Operations & Writing Specialist
292	https://jobicy.com/jobs/145648-principal-marketing-analytics	Pipeline	Remote - Principal, Marketing Analytics
293	https://himalayas.app/companies/evolent/jobs/sr-analyst-growth	Pipeline	Evolent - Sr. Analyst, Growth
295	https://himalayas.app/companies/evercommerce/jobs/everhealth-senior-growth-marketing-manager-remote-us	Pipeline	EverCommerce - EverHealth - Senior Growth Marketing Manager (Remote, US)
303	https://www.realworkfromanywhere.com/jobs/expert-advisor-commercial-print-technology-expert-webfx-4739	Pipeline	Real Work From Anywhere — Marketing - Expert Advisor: Commercial Print Technology Expert at WebFX
304	https://www.realworkfromanywhere.com/jobs/senior-enablement-manager-instrumentl-3529	Pipeline	Real Work From Anywhere — Marketing - Senior Enablement Manager at Instrumentl
317	https://www.usajobs.gov:443/job/871668600	Pipeline	Air Combat Command - Marketing and Digital Advertising Specialist
336	https://job-boards.greenhouse.io/justworks/jobs/7939420	Pipeline	Justworks - Job Application for Customer Success Performance Insight Analyst at Justworks
337	https://job-boards.greenhouse.io/mitratech/jobs/7824464	Pipeline	Mitratech - Job Application for Professional Service Consultant II at Mitratech
344	https://job-boards.greenhouse.io/alertmedia/jobs/8467007002?gh_src=0b951b9f2	Pipeline	Alertmedia - Job Application for Product Marketing Manager at AlertMedia
345	https://job-boards.greenhouse.io/twilio/jobs/7923207	Pipeline	Twilio - Job Application for Marketing Analyst, PLG & Self-Serve Analytics at Twilio
349	https://job-boards.greenhouse.io/accuweather/jobs/7914946	Pipeline	Accuweather - Job Application for Revenue Operations Analyst (CRM & Data Systems) at AccuWeather Careers
352	https://job-boards.greenhouse.io/zuora/jobs/7904474?gh_jid=7904474	Pipeline	Zuora - Job Application for Marketing Operations Manager at Zuora
355	https://job-boards.greenhouse.io/mixpanel/jobs/7962972	Pipeline	Mixpanel - Senior Customer Strategy & Operations Manager
362	https://jobs.ashbyhq.com/brightwheel/39911c0b-7120-4acc-a935-b0be941c64a2	Pipeline	Brightwheel - Senior Analyst, GTM Intelligence @ brightwheel
365	https://jobs.ashbyhq.com/Strava/b84257fd-a8a3-48bc-951b-a619b0182cbe	Pipeline	Strava - Lead Marketing Analyst @ Strava
366	https://jobs.ashbyhq.com/assorthealth/53b1214d-3745-4d84-96df-e6f623d67ced	Pipeline	Assorthealth - Senior Event Marketing Manager @ Assort Health
367	https://jobs.ashbyhq.com/Strava/4f41ded9-0352-4190-8e56-8eb349424a95	Pipeline	Strava - Partner Marketing Sciences Lead @ Strava
368	https://jobs.ashbyhq.com/lightspeedhq/d1f14bed-59b2-49f1-8ad8-854aeb90a0bd	Pipeline	Lightspeedhq - Marketing Automation Specialist @ Lightspeed Commerce, Inc.
388	https://ixopay.wd503.myworkdayjobs.com/IXOPAY_Careers/job/USA---Remote/Onboarding-Manager--USA-_JR000020	Pipeline	Workday — Onboarding & Success remote - Onboarding Manager (USA) - Myworkdayjobs.com
390	https://boards.greenhouse.io/unity3d/jobs/7843702	Pipeline	Unity3d - Senior, Technical Content Marketing , Remote, Texas, USA - Unity Careers
391	https://job-boards.greenhouse.io/perfectserve/jobs/5997227004	Pipeline	Perfectserve - Job Application for Manager, Customer Success - US Remote at PerfectServe
395	https://job-boards.greenhouse.io/khanacademy/jobs/7923227	Pipeline	Khan Academy - B2B Customer Lifecycle Marketing Manager, Integrated Marketing (12 months fixed-term)
406	https://careers.duolingo.com/jobs/8448693002?gh_jid=8448693002	Pipeline	Duolingo - Country Marketing Manager, Turkey
407	https://careers.duolingo.com/jobs/8489240002?gh_jid=8489240002	Pipeline	Duolingo - Manager, Strategy and Business Operations
408	https://careers.duolingo.com/jobs/8562780002?gh_jid=8562780002	Pipeline	Duolingo - Performance Marketing Lead
409	https://careers.duolingo.com/jobs/8400553002?gh_jid=8400553002	Pipeline	Duolingo - Product Marketing Manager, Duolingo Math
410	https://careers.duolingo.com/jobs/8524827002?gh_jid=8524827002	Pipeline	Duolingo - Senior Community Manager
411	https://careers.duolingo.com/jobs/8543375002?gh_jid=8543375002	Pipeline	Duolingo - Senior Manager, Scaling Operations
467	https://jobs.ashbyhq.com/classdojo/c62deaa9-8253-49bf-90d7-b2cf875d9058	Pipeline	ClassDojo - Growth Product Lead, Kids
471	https://job-boards.greenhouse.io/renaissancelearning-nam/jobs/5136485008	Pipeline	Nearpod - District Consultant - Hillsborough County
472	https://job-boards.greenhouse.io/renaissancelearning-nam/jobs/5074475008	Pipeline	Nearpod - District Consultant - Part Time -Atlanta
474	https://job-boards.greenhouse.io/renaissancelearning-nam/jobs/5172275008	Pipeline	Nearpod - Part-Time Customer Education Consultant
475	https://job-boards.greenhouse.io/renaissancelearning-nam/jobs/5151113008	Pipeline	Nearpod - Part-Time District Consultant -Baltimore
480	https://job-boards.greenhouse.io/aclu/jobs/8531474002	Pipeline	ACLU - Associate, Digital Marketing & Production [Term-Limited]
482	https://job-boards.greenhouse.io/aclu/jobs/8519316002	Pipeline	ACLU - Earned Media Strategist (Term-Limited)
485	https://job-boards.greenhouse.io/aclu/jobs/8531703002	Pipeline	ACLU - Fall 2027 Marvin M. Karpatkin Fellowship, Racial Justice Program
488	https://job-boards.greenhouse.io/aclu/jobs/8574963002	Pipeline	ACLU - Nationwide Shared Services Program Manager
489	https://job-boards.greenhouse.io/aclu/jobs/8222359002	Pipeline	ACLU - Organizing Strategist
490	https://job-boards.greenhouse.io/aclu/jobs/8550926002	Pipeline	ACLU - Regional Campaign Strategist [Term-Limited]
491	https://job-boards.greenhouse.io/aclu/jobs/8505915002	Pipeline	ACLU - Senior Advisor, Affiliate Strategic Planning
492	https://job-boards.greenhouse.io/aclu/jobs/8438039002	Pipeline	ACLU - Senior Campaign Lead, Democracy
493	https://job-boards.greenhouse.io/aclu/jobs/8516657002	Pipeline	ACLU - Senior Content Strategist (Term-Limited)
496	https://job-boards.greenhouse.io/wikimedia/jobs/7859300	Pipeline	Wikimedia Foundation - Manager, Community Partnerships
500	https://job-boards.greenhouse.io/mozilla/jobs/7983290	Pipeline	Mozilla - Technical Content Marketing Specialist
509	https://jobs.ashbyhq.com/rula/36c48692-0a06-4d31-971c-63ae1f29d391	Pipeline	Rula - Analytics Manager, Partner Insights (Remote)
512	https://jobs.ashbyhq.com/jane/842eef32-6c11-426d-a0b4-f64e03ba2719	Pipeline	Jane Technologies - Senior Product Marketing Manager, Platform
513	https://jobs.ashbyhq.com/jane/415d4bae-698c-4d2c-83e6-9e927a26977c	Pipeline	Jane Technologies - Senior Product Marketing Manager, Payments
515	https://www.klaviyo.com/careers/jobs?gh_jid=7701297003	Pipeline	Klaviyo - Customer Education Specialist
519	https://www.klaviyo.com/careers/jobs?gh_jid=7685123003	Pipeline	Klaviyo - Inbound Growth Specialist
520	https://www.klaviyo.com/careers/jobs?gh_jid=7635660003	Pipeline	Klaviyo - Integrated Marketing Lead - K:Service
524	https://www.klaviyo.com/careers/jobs?gh_jid=7710126003	Pipeline	Klaviyo - Lead Product Marketing Manager - Enterprise
525	https://www.klaviyo.com/careers/jobs?gh_jid=7617363003	Pipeline	Klaviyo - Marketing Operations Lead
526	https://www.klaviyo.com/careers/jobs?gh_jid=7694788003	Pipeline	Klaviyo - Product Owner, GTM Sales Systems
527	https://www.klaviyo.com/careers/jobs?gh_jid=7713169003	Pipeline	Klaviyo - Senior Customer Education Specialist (Training)
528	https://www.klaviyo.com/careers/jobs?gh_jid=7453469003	Pipeline	Klaviyo - Senior Lead Program Manager, Technical Programs
529	https://www.klaviyo.com/careers/jobs?gh_jid=7710023003	Pipeline	Klaviyo - Senior Manager, Mid- Enterprise Partner Sales
530	https://www.klaviyo.com/careers/jobs?gh_jid=7664279003	Pipeline	Klaviyo - Senior Product Marketing Manager - Verticals
533	https://job-boards.greenhouse.io/constantcontact/jobs/7902387	Pipeline	Constant Contact - Senior Revenue Analyst, Customer Success
542	https://job-boards.greenhouse.io/gitlab/jobs/8548105002	Pipeline	GitLab - AI Transformation Owner, Marketing
548	https://job-boards.greenhouse.io/gitlab/jobs/8550333002	Pipeline	GitLab - Lead Global Marketing Campaigns Manager
555	https://job-boards.greenhouse.io/gitlab/jobs/8561194002	Pipeline	GitLab - Sr. Manager, Customer Experience Operations
570	https://job-boards.greenhouse.io/remotecom/jobs/7711692003	Pipeline	Remote.com - Mobility Specialist - AMER
572	https://job-boards.greenhouse.io/remotecom/jobs/7674975003	Pipeline	Remote.com - Principal, Marketing Analytics
573	https://job-boards.greenhouse.io/remotecom/jobs/7703886003	Pipeline	Remote.com - Product-Led Growth Manager
577	https://job-boards.greenhouse.io/remotecom/jobs/7702818003	Pipeline	Remote.com - Senior Partner Solutions Architect
578	https://job-boards.greenhouse.io/remotecom/jobs/7709273003	Pipeline	Remote.com - Senior Strategic Partnerships Manager
579	https://job-boards.greenhouse.io/remotecom/jobs/7751133003	Pipeline	Remote.com - Senior Total Rewards Partner
580	https://job-boards.greenhouse.io/remotecom/jobs/7548213003	Pipeline	Remote.com - Senior Workday Implementation Specialist
581	https://job-boards.greenhouse.io/remotecom/jobs/7734361003	Pipeline	Remote.com - Staff Performance Video Content Producer
585	https://www.asana.com/jobs/apply/7776344?gh_jid=7776344	Pipeline	Asana - Enterprise Sales Manager, Education & Public Sector
587	https://www.asana.com/jobs/apply/7908794?gh_jid=7908794	Pipeline	Asana - Marketing Operations Manager, Lead Funnel
588	https://www.asana.com/jobs/apply/7920801?gh_jid=7920801	Pipeline	Asana - Marketing Operations Manager, Strategy
589	https://www.asana.com/jobs/apply/7872578?gh_jid=7872578	Pipeline	Asana - Product Owner, GTM AI
591	https://www.asana.com/jobs/apply/7875694?gh_jid=7875694	Pipeline	Asana - Senior Marketing Operations Manager, Growth Ops
592	https://www.asana.com/jobs/apply/7920814?gh_jid=7920814	Pipeline	Asana - Senior Product Marketing Manager, Asana Service Management
593	https://www.asana.com/jobs/apply/7920824?gh_jid=7920824	Pipeline	Asana - Senior Product Marketing Manager, Command by Asana
595	https://www.asana.com/jobs/apply/7714359?gh_jid=7714359	Pipeline	Asana - Workplace Coordinator
598	https://remoteOK.com/remote-jobs/remote-senior-manager-strategic-customer-success-superhuman-1133160	Pipeline	Superhuman - Senior Manager Strategic Customer Success
599	https://remoteOK.com/remote-jobs/remote-customer-service-specialist-soracom-1133177	Pipeline	SORACOM - Customer Service Specialist
600	https://remoteOK.com/remote-jobs/remote-specialist-shri-krishna-placement-1133187	Pipeline	SHRI KRISHNA PLACEMENT - Specialist
601	https://remoteOK.com/remote-jobs/remote-project-specialist-healthcare-improve-health-1133133	Pipeline	iMPROve Health - PROJECT SPECIALIST HEALTHCARE
602	https://remoteOK.com/remote-jobs/remote-events-coordinator-busplanner-1133113	Pipeline	BusPlanner - Events Coordinator
603	https://remoteOK.com/remote-jobs/remote-associate-brand-manager-innovation-nestle-health-science-1133238	Pipeline	NestlÃ© Health Science - Associate Brand Manager Innovation
604	https://remoteOK.com/remote-jobs/remote-public-health-communications-professional-curasenseai-1133099	Pipeline	CuraSenseAI - Public Health Communications Professional
605	https://weworkremotely.com/remote-jobs/septeo-cnee-product-marketing-manager-w-m-d-fur-saas-und-on-premises-losungen	Pipeline	Septeo CNEE - Product Marketing Manager (w/m/d) für SaaS und On-Premises Lösungen
606	https://weworkremotely.com/remote-jobs/air-apps-crm-specialist	Pipeline	Air Apps - CRM Specialist
608	https://weworkremotely.com/remote-jobs/sonova-international-business-crm-analyst-remote	Pipeline	Sonova International - Business & CRM Analyst | Remote
609	https://weworkremotely.com/remote-jobs/super-com-product-marketing-manager	Pipeline	Super.Com - Product Marketing Manager
612	https://himalayas.app/companies/tabby/jobs/senior-marketing-analyst-marketing-analytics	Pipeline	Tabby - Senior Marketing Analyst, Marketing Analytics
625	https://aspca.wd1.myworkdayjobs.com/job/Remote/Farm---Industry-Engagement-Coordinator_2026-343	Pipeline	ASPCA - Farm & Industry Engagement Coordinator
626	https://aspca.wd1.myworkdayjobs.com/job/New-York-NY---92nd-Street/Admissions-and-Placement-Specialist_2026-359	Pipeline	ASPCA - Admissions and Placement Specialist
627	https://bestfriends.wd1.myworkdayjobs.com/job/Salt-Lake-City-UT/Coordinator--Shelter-Partnerships---Salt-Lake-City--UT_JR101194	Pipeline	Best Friends Animal Society - Coordinator, Shelter Partnerships - Salt Lake City, UT
628	https://audubon.wd503.myworkdayjobs.com/job/San-Antonio-TX/Coordinator--Land---Conservation_JR1167	Pipeline	National Audubon Society - Coordinator, Land & Conservation
630	https://nature.wd108.myworkdayjobs.com/job/Arlington-Office/Communications-Manager--Internal-Communications_JR103159	Pipeline	The Nature Conservancy - Communications Manager, Internal Communications
631	https://nature.wd108.myworkdayjobs.com/job/Reno-Nevada/Donor-Engagement---Events-Coordinator_JR103174	Pipeline	The Nature Conservancy - Donor Engagement & Events Coordinator
641	https://www.usajobs.gov:443/job/872474700	Pipeline	Agricultural Marketing Service - Fruit and Vegetable Marketing Specialist
643	https://www.usajobs.gov:443/job/872274200	Pipeline	Small Business Administration - Outreach & Marketing Specialist
645	https://www.adaptivebiotech.com/career-listings/listing?gh_jid=8575584002	Pipeline	Adaptive Biotechnologies - Accessioning Specialist II
646	https://www.adaptivebiotech.com/career-listings/listing?gh_jid=8527538002	Pipeline	Adaptive Biotechnologies - Account Operations Manager - Southeast
647	https://www.adaptivebiotech.com/career-listings/listing?gh_jid=8359973002	Pipeline	Adaptive Biotechnologies - Diagnostics Hematology Specialist (North Central)
680	https://job-boards.greenhouse.io/alertmedia/jobs/8467007002	Pipeline	AlertMedia - Product Marketing Manager
715	https://altruist.com/join-altruist/5799644004?gh_jid=5799644004	Pipeline	Altruist - Advisor Support Representative
716	https://altruist.com/join-altruist/5820319004?gh_jid=5820319004	Pipeline	Altruist - Content Marketing Manager, Hazel AI
717	https://altruist.com/join-altruist/5986026004?gh_jid=5986026004	Pipeline	Altruist - Relationship Manager
718	https://altruist.com/join-altruist/5985979004?gh_jid=5985979004	Pipeline	Altruist - Sales Enablement Manager
719	https://altruist.com/join-altruist/5985972004?gh_jid=5985972004	Pipeline	Altruist - Sales Operations Analyst
720	https://altruist.com/join-altruist/6015696004?gh_jid=6015696004	Pipeline	Altruist - Senior Manager, Event Marketing
721	https://altruist.com/join-altruist/5838974004?gh_jid=5838974004	Pipeline	Altruist - Senior Product Marketing Manager, Core & Lending
725	https://job-boards.greenhouse.io/amendconsulting/jobs/4011505009	Pipeline	AMEND Consulting - Senior Consultant | Program Management
738	https://job-boards.greenhouse.io/americaninstitutesforresearch/jobs/5251712008	Pipeline	American Institutes for Research - Communications Assistant (Part-time)
740	https://job-boards.greenhouse.io/americaninstitutesforresearch/jobs/5250115008	Pipeline	American Institutes for Research - TA Consultant, Continuous Improvement Coaching
755	https://job-boards.greenhouse.io/anthropic/jobs/5164551008	Pipeline	Anthropic - Communications Lead, Enterprise
770	https://job-boards.greenhouse.io/anthropic/jobs/5191833008	Pipeline	Anthropic - Field Marketing Manager, Startups
775	https://job-boards.greenhouse.io/anthropic/jobs/5100613008	Pipeline	Anthropic - Marketing Events Content Manager
776	https://job-boards.greenhouse.io/anthropic/jobs/5194529008	Pipeline	Anthropic - Marketing Events Lead, Brand
778	https://job-boards.greenhouse.io/anthropic/jobs/5251832008	Pipeline	Anthropic - Marketing Events Producer
782	https://job-boards.greenhouse.io/anthropic/jobs/5252781008	Pipeline	Anthropic - Program Manager, Communications
784	https://job-boards.greenhouse.io/anthropic/jobs/5139654008	Pipeline	Anthropic - Research Lead, Training Insights
786	https://job-boards.greenhouse.io/anthropic/jobs/5208278008	Pipeline	Anthropic - Research Operations, External Artifacts
789	https://job-boards.greenhouse.io/anthropic/jobs/5248946008	Pipeline	Anthropic - Strategy & Operations Lead, Marketing
792	https://job-boards.greenhouse.io/anthropic/jobs/5197597008	Pipeline	Anthropic - Technical Specialist, Claude Code
796	https://job-boards.greenhouse.io/apartmentlife/jobs/4266929009	Pipeline	Apartment Life - Strategic Partnerships Operational Specialist
834	https://bitso.com/jobs/7699282003?gh_jid=7699282003	Pipeline	Bitso - Growth Marketing Specialist (B2B)
835	https://bitso.com/jobs/7694027003?gh_jid=7694027003	Pipeline	Bitso - Sr. Specialist, Product FP&A
837	https://www.brex.com/careers/8106987002?gh_jid=8106987002	Pipeline	Brex - Banking Relationship Manager
838	https://www.brex.com/careers/8516003002?gh_jid=8516003002	Pipeline	Brex - Brex Rotational Program
840	https://www.brex.com/careers/8580837002?gh_jid=8580837002	Pipeline	Brex - Customer Marketing Manager
844	https://www.brex.com/careers/8152968002?gh_jid=8152968002	Pipeline	Brex - Enterprise Implementation Consultant
845	https://www.brex.com/careers/8579396002?gh_jid=8579396002	Pipeline	Brex - Manager, Banking Operations
848	https://www.brex.com/careers/8519265002?gh_jid=8519265002	Pipeline	Brex - Relationship Manager
849	https://www.brex.com/careers/8548765002?gh_jid=8548765002	Pipeline	Brex - Sales Enablement Lead
850	https://www.brex.com/careers/8550358002?gh_jid=8550358002	Pipeline	Brex - Sales Enablement Specialist
852	https://www.brex.com/careers/8457370002?gh_jid=8457370002	Pipeline	Brex - Senior Manager, Small Business Partnerships
853	https://www.brex.com/careers/8380680002?gh_jid=8380680002	Pipeline	Brex - Senior Marketing Operations Manager, B2B Sales
854	https://www.brex.com/careers/8372631002?gh_jid=8372631002	Pipeline	Brex - Senior Marketing Operations Manager, Product-Led Growth
855	https://www.brex.com/careers/8578101002?gh_jid=8578101002	Pipeline	Brex - Senior Partner Marketing Manager
856	https://www.brex.com/careers/8579204002?gh_jid=8579204002	Pipeline	Brex - Technical Consultant I
857	http://block.xyz/careers/jobs/5183859008?gh_jid=5183859008	Pipeline	Block - Account Services Manager - Franchise Growth
858	http://block.xyz/careers/jobs/5232583008?gh_jid=5232583008	Pipeline	Block - Channel Sales Support Agent
859	http://block.xyz/careers/jobs/5183725008?gh_jid=5183725008	Pipeline	Block - Channel Sales Support Agent (Reseller)
861	http://block.xyz/careers/jobs/5235961008?gh_jid=5235961008	Pipeline	Block - CRM Product Owner, GTM
862	http://block.xyz/careers/jobs/5232832008?gh_jid=5232832008	Pipeline	Block - Engagement Marketing Manager - Activation & Habituation
863	http://block.xyz/careers/jobs/5059582008?gh_jid=5059582008	Pipeline	Block - Engagement Marketing Manager - Banking & Loyalty
864	http://block.xyz/careers/jobs/5059576008?gh_jid=5059576008	Pipeline	Block - Enterprise Partner Marketer
865	http://block.xyz/careers/jobs/5203804008?gh_jid=5203804008	Pipeline	Block - Enterprise Seller Onboarding (ESO) Technical Project Manager
866	http://block.xyz/careers/jobs/5209350008?gh_jid=5209350008	Pipeline	Block - Front Office Brokerage Operations Lead
867	http://block.xyz/careers/jobs/5218231008?gh_jid=5218231008	Pipeline	Block - Global B2B Growth Marketing Lead
868	http://block.xyz/careers/jobs/5203811008?gh_jid=5203811008	Pipeline	Block - Partner Development Lead, Commerce: Afterpay & Cash App
869	http://block.xyz/careers/jobs/5146383008?gh_jid=5146383008	Pipeline	Block - Partner Manager
870	http://block.xyz/careers/jobs/5211252008?gh_jid=5211252008	Pipeline	Block - Policy + External Affairs Communications Lead
871	http://block.xyz/careers/jobs/5068977008?gh_jid=5068977008	Pipeline	Block - Product Partnerships Manager - Square
872	http://block.xyz/careers/jobs/5225987008?gh_jid=5225987008	Pipeline	Block - Program Manager, Bank Partnerships Marketing
873	http://block.xyz/careers/jobs/5195991008?gh_jid=5195991008	Pipeline	Block - Program Manager, Issuing Bank Programs
876	http://block.xyz/careers/jobs/5116191008?gh_jid=5116191008	Pipeline	Block - Senior Manager, GTM Strategy
877	http://block.xyz/careers/jobs/5231841008?gh_jid=5231841008	Pipeline	Block - Senior Partnerships Manager, Australia
879	https://job-boards.greenhouse.io/carta/jobs/7717037003	Pipeline	Carta - Alliances Marketing Manager
882	http://www.circleci.com/careers/jobs/8582995002/?gh_jid=8582995002	Pipeline	CircleCI - Marketing Manager
884	https://www.charliehealth.com/careers?gh_jid=5777935004	Pipeline	Charlie Health - Care Admin Specialist (Full Time)
885	https://www.charliehealth.com/careers?gh_jid=4641317004	Pipeline	Charlie Health - Care Admin Specialist (Part-Time)
886	https://www.charliehealth.com/careers?gh_jid=5050198004	Pipeline	Charlie Health - Care Experience Specialist
888	https://www.charliehealth.com/careers?gh_jid=5007800004	Pipeline	Charlie Health - Continuing Care Coordinator
891	https://www.charliehealth.com/careers?gh_jid=4522603004	Pipeline	Charlie Health - Growth Marketing Manager
892	https://www.charliehealth.com/careers?gh_jid=5996741004	Pipeline	Charlie Health - Growth Strategy Analyst, GTM Data
893	https://www.charliehealth.com/careers?gh_jid=5996750004	Pipeline	Charlie Health - Growth Strategy Analyst, Performance & Comp
894	https://www.charliehealth.com/careers?gh_jid=6006998004	Pipeline	Charlie Health - Growth Strategy Analyst/Sr Analyst, Partnerships
896	https://www.charliehealth.com/careers?gh_jid=5820232004	Pipeline	Charlie Health - Learning Architect
898	https://www.charliehealth.com/careers?gh_jid=5505256004	Pipeline	Charlie Health - Payer Strategy Specialist
903	https://www.charliehealth.com/careers?gh_jid=5292004004	Pipeline	Charlie Health - Revenue Specialist
904	https://www.charliehealth.com/careers?gh_jid=5465677004	Pipeline	Charlie Health - Specialist, Onboarding Compliance
905	https://www.charliehealth.com/careers?gh_jid=5742812004	Pipeline	Charlie Health - Strategy & Operations Analyst
906	https://www.charliehealth.com/careers?gh_jid=4879573004	Pipeline	Charlie Health - Strategy & Operations Analyst, GrowthOps
907	https://www.charliehealth.com/careers?gh_jid=5837594004	Pipeline	Charlie Health - Strategy & Operations Analyst / Sr Analyst
908	https://www.charliehealth.com/careers?gh_jid=5980562004	Pipeline	Charlie Health - Territory Manager- Employer Partnerships, Central Plains
909	https://www.charliehealth.com/careers?gh_jid=5967475004	Pipeline	Charlie Health - Territory Manager- Employer Partnerships, Greater NYC Area
910	https://www.charliehealth.com/careers?gh_jid=5980567004	Pipeline	Charlie Health - Territory Manager- Employer Partnerships, Great Lakes
911	https://www.charliehealth.com/careers?gh_jid=5980553004	Pipeline	Charlie Health - Territory Manager- Employer Partnerships, Mid-Atlantic
912	https://www.charliehealth.com/careers?gh_jid=5980602004	Pipeline	Charlie Health - Territory Manager- Employer Partnerships, Mountain Region
913	https://www.charliehealth.com/careers?gh_jid=5980596004	Pipeline	Charlie Health - Territory Manager- Employer Partnerships, NorCal
914	https://www.charliehealth.com/careers?gh_jid=5980517004	Pipeline	Charlie Health - Territory Manager- Employer Partnerships, Northeast
915	https://www.charliehealth.com/careers?gh_jid=5967627004	Pipeline	Charlie Health - Territory Manager- Employer Partnerships, PNW
916	https://www.charliehealth.com/careers?gh_jid=5980610004	Pipeline	Charlie Health - Territory Manager- Employer Partnerships, Southeast
917	https://www.charliehealth.com/careers?gh_jid=5792364004	Pipeline	Charlie Health - Territory Manager- Employer Partnerships, Southwest (AZ/NV)
920	https://job-boards.greenhouse.io/cloverhealth/jobs/7310363	Pipeline	Clover Health - Customer Experience Lead
971	https://careers.datadoghq.com/detail/7727991/?gh_jid=7727991	Pipeline	Datadog - Associate Event Marketing Manager (Sponsorship)
972	https://careers.datadoghq.com/detail/7954584/?gh_jid=7954584	Pipeline	Datadog - Associate Field Marketing Manager (West/Central)
974	https://careers.datadoghq.com/detail/7172466/?gh_jid=7172466	Pipeline	Datadog - Customer Success Associate - Boston
975	https://careers.datadoghq.com/detail/7548129/?gh_jid=7548129	Pipeline	Datadog - Customer Success Associate - Commercial Accounts
976	https://careers.datadoghq.com/detail/7228240/?gh_jid=7228240	Pipeline	Datadog - Customer Success Associate - Denver
980	https://careers.datadoghq.com/detail/7874842/?gh_jid=7874842	Pipeline	Datadog - Inclusion Program Manager (NYC)
981	https://careers.datadoghq.com/detail/7958679/?gh_jid=7958679	Pipeline	Datadog - Lead Creative Operations Manager
982	https://careers.datadoghq.com/detail/7746286/?gh_jid=7746286	Pipeline	Datadog - Manager, GTM Strategy/Operations
983	https://careers.datadoghq.com/detail/7737197/?gh_jid=7737197	Pipeline	Datadog - Manager, Sales Enablement Program Management
984	https://careers.datadoghq.com/detail/7979307/?gh_jid=7979307	Pipeline	Datadog - Partner Enablement Manager
985	https://careers.datadoghq.com/detail/7872382/?gh_jid=7872382	Pipeline	Datadog - Partner Manager - Channels
986	https://careers.datadoghq.com/detail/7922975/?gh_jid=7922975	Pipeline	Datadog - Partner Solutions Architect (ANZ)
988	https://careers.datadoghq.com/detail/7582679/?gh_jid=7582679	Pipeline	Datadog - Principal Partner Manager - Channels (GSI)
989	https://careers.datadoghq.com/detail/7943824/?gh_jid=7943824	Pipeline	Datadog - Principal Partner Solutions Architect (Public Sector - Fed)
990	https://careers.datadoghq.com/detail/7759965/?gh_jid=7759965	Pipeline	Datadog - Product Marketing Manager
991	https://careers.datadoghq.com/detail/7803551/?gh_jid=7803551	Pipeline	Datadog - Product Marketing Manager - Log Management
992	https://careers.datadoghq.com/detail/7991343/?gh_jid=7991343	Pipeline	Datadog - Product Operations Manager
994	https://careers.datadoghq.com/detail/7917939/?gh_jid=7917939	Pipeline	Datadog - Senior Event Marketing Manager - Conferences & Global Events
996	https://careers.datadoghq.com/detail/7650024/?gh_jid=7650024	Pipeline	Datadog - Senior Partner Manager - Alliances (Chile)
1000	https://job-boards.greenhouse.io/divergent/jobs/5209844008	Pipeline	Divergent - Enterprise Platform Application Specialist (Microsoft 365)
1002	https://job-boards.greenhouse.io/divergent/jobs/5219297008	Pipeline	Divergent - Operations Analyst
1003	https://job-boards.greenhouse.io/divergent/jobs/4509452008	Pipeline	Divergent - Senior Program Manager, Aerospace and Defense
1005	https://job-boards.greenhouse.io/divergent/jobs/5218346008	Pipeline	Divergent - Video Specialist
1008	https://jobs.elastic.co/jobs?gh_jid=7980548&gh_jid=7980548	Pipeline	Elastic - Account Coordinator
1009	https://jobs.elastic.co/jobs?gh_jid=7960302&gh_jid=7960302	Pipeline	Elastic - Federal Civilian Program Manager
1010	https://jobs.elastic.co/jobs?gh_jid=7590696&gh_jid=7590696	Pipeline	Elastic - Principal Competitive Intelligence - Search - Product Marketing
1011	https://jobs.elastic.co/jobs?gh_jid=7843346&gh_jid=7843346	Pipeline	Elastic - Principal Product Marketing Manager - Observability
1012	https://jobs.elastic.co/jobs?gh_jid=7742834&gh_jid=7742834	Pipeline	Elastic - Principal Product Marketing Manager - Platform
1013	https://jobs.elastic.co/jobs?gh_jid=7875644&gh_jid=7875644	Pipeline	Elastic - Program Manager, Strategic Projects
1014	https://jobs.elastic.co/jobs?gh_jid=7781718&gh_jid=7781718	Pipeline	Elastic - Senior Product Marketing Manager - Portfolio
1015	https://jobs.elastic.co/jobs?gh_jid=7848679&gh_jid=7848679	Pipeline	Elastic - Senior Product Marketing Manager - Serverless
1016	https://jobs.elastic.co/jobs?gh_jid=7798174&gh_jid=7798174	Pipeline	Elastic - Sr. Analyst, PubSec Revenue Strategy & Operations
1023	https://www.fastly.com/about/jobs/apply?gh_jid=7858457	Pipeline	Fastly - Performance Center - Program Lead
1024	https://www.fastly.com/about/jobs/apply?gh_jid=7966888	Pipeline	Fastly - Program Manager
1025	https://job-boards.greenhouse.io/fetch/jobs/4074353009	Pipeline	Fetch - Member Experience Agent
1029	https://job-boards.greenhouse.io/firsthand/jobs/4226305009	Pipeline	firsthand Health - Manager, Community Operations
1030	https://job-boards.greenhouse.io/firsthand/jobs/4279176009	Pipeline	firsthand Health - Manager, Community Operations
1055	https://generatebiomedicines.com/open-positions?gh_jid=4676396006	Pipeline	Generate Biomedicines - Scientific Visualization and Communications Manager
1057	https://job-boards.greenhouse.io/grovecollaborative/jobs/5238899008	Pipeline	Grove Collaborative - Senior Manager of Growth Marketing (Temp - Parental Leave Coverage)
1058	https://job-boards.greenhouse.io/gusto/jobs/6348898	Pipeline	Gusto - Corporate Development & Partnerships Deal Lead
1059	https://job-boards.greenhouse.io/gusto/jobs/7958363	Pipeline	Gusto - Executive Operations - R&D
1065	https://job-boards.greenhouse.io/gusto/jobs/7844197	Pipeline	Gusto - Growth Marketing Lead
1066	https://job-boards.greenhouse.io/gusto/jobs/7921867	Pipeline	Gusto - Jr. Onboarding Associate
1067	https://job-boards.greenhouse.io/gusto/jobs/7325217	Pipeline	Gusto - Principal Product Operations Manager, Benefits
1068	https://job-boards.greenhouse.io/gusto/jobs/7797180	Pipeline	Gusto - Revenue Operations Analyst
1069	https://job-boards.greenhouse.io/gusto/jobs/7899871	Pipeline	Gusto - Strategic Operations Lead
1083	https://job-boards.greenhouse.io/intercom/jobs/7851752	Pipeline	Intercom - Manager, Relationship Managers (MidMarket)
1084	https://job-boards.greenhouse.io/intercom/jobs/7583181	Pipeline	Intercom - Manager, Relationship Managers (SMB)
1086	https://job-boards.greenhouse.io/intercom/jobs/7961835	Pipeline	Intercom - Principal Program Manager
1089	https://job-boards.greenhouse.io/intercom/jobs/7345184	Pipeline	Intercom - Relationship Manager, MidMarket
1092	https://job-boards.greenhouse.io/intercom/jobs/7973740	Pipeline	Intercom - Senior Customer Success Enablement Manager
1093	https://job-boards.greenhouse.io/intercom/jobs/7996772	Pipeline	Intercom - Senior Field Marketing Manager - Brand Activations
1094	https://job-boards.greenhouse.io/intercom/jobs/7996697	Pipeline	Intercom - Senior Field Marketing Manager - Regional Events
1095	https://job-boards.greenhouse.io/intercom/jobs/7441053	Pipeline	Intercom - Senior GTM Enablement Manager, Operations
1096	https://job-boards.greenhouse.io/intercom/jobs/7960889	Pipeline	Intercom - Staff Creative Copywriter
1097	https://instacart.careers/job/?gh_jid=7875516	Pipeline	Instacart - AI Field Consultant
1098	https://instacart.careers/job/?gh_jid=7967305	Pipeline	Instacart - Catalog Operations Analyst II
1100	https://instacart.careers/job/?gh_jid=7909581	Pipeline	Instacart - Integration & Automation Tech Lead
1101	https://instacart.careers/job/?gh_jid=7958218	Pipeline	Instacart - Knowledge Strategist Team Lead
1102	https://instacart.careers/job/?gh_jid=7958563	Pipeline	Instacart - Knowledge Strategist Team Lead, Governance
1104	https://instacart.careers/job/?gh_jid=7980420	Pipeline	Instacart - Program Manager II
1113	https://boards.greenhouse.io/justworks/jobs/7819384?gh_jid=7819384	Pipeline	Justworks - Experience Design Manager, Internal Experiences
1114	https://boards.greenhouse.io/justworks/jobs/7497276?gh_jid=7497276	Pipeline	Justworks - GTM Revenue Enablement Manager
1119	https://boards.greenhouse.io/justworks/jobs/7839622?gh_jid=7839622	Pipeline	Justworks - Product Operations Manager, AI & Systems
1120	https://boards.greenhouse.io/justworks/jobs/7927887?gh_jid=7927887	Pipeline	Justworks - Program Manager, Product
1121	https://boards.greenhouse.io/justworks/jobs/7912721?gh_jid=7912721	Pipeline	Justworks - Project Manager, Partner Experience
1122	https://boards.greenhouse.io/justworks/jobs/7904200?gh_jid=7904200	Pipeline	Justworks - Research Operations Lead (Fixed Term)
1124	https://boards.greenhouse.io/justworks/jobs/7985089?gh_jid=7985089	Pipeline	Justworks - Senior Manager, Community Marketing
1126	https://boards.greenhouse.io/justworks/jobs/7930227?gh_jid=7930227	Pipeline	Justworks - Senior Product Marketing Manager, Growth
1127	https://boards.greenhouse.io/justworks/jobs/7672965?gh_jid=7672965	Pipeline	Justworks - Senior Product Marketing Manager, International
1130	https://boards.greenhouse.io/justworks/jobs/7797381?gh_jid=7797381	Pipeline	Justworks - Senior Program Manager, Product
1133	https://databricks.com/company/careers/open-positions/job?gh_jid=8431935002	Pipeline	Databricks - Customer Enablement Specialist
1134	https://databricks.com/company/careers/open-positions/job?gh_jid=6966448002	Pipeline	Databricks - Delivery Solutions Architect - Communications, Media, Entertainment & Games
1135	https://databricks.com/company/careers/open-positions/job?gh_jid=8516118002	Pipeline	Databricks - Deployment Strategist
1136	https://databricks.com/company/careers/open-positions/job?gh_jid=8495071002	Pipeline	Databricks - Digital Native Go-to-Market (GTM) Leader
1137	https://databricks.com/company/careers/open-positions/job?gh_jid=8356420002	Pipeline	Databricks - Go-To-Market (GTM) Digital Natives Program Leader
1138	https://databricks.com/company/careers/open-positions/job?gh_jid=8569410002	Pipeline	Databricks - Lakebase Sales Specialist
1139	https://databricks.com/company/careers/open-positions/job?gh_jid=8569510002	Pipeline	Databricks - Lakebase Sales Specialist (Central)
1140	https://databricks.com/company/careers/open-positions/job?gh_jid=8569461002	Pipeline	Databricks - Lakebase Sales Specialist, Healthcare & Life Sciences
1142	https://databricks.com/company/careers/open-positions/job?gh_jid=8569436002	Pipeline	Databricks - Lakebase Sales Specialist - Retail
1143	https://databricks.com/company/careers/open-positions/job?gh_jid=8569566002	Pipeline	Databricks - Lakebase Specialist Sales
1144	https://databricks.com/company/careers/open-positions/job?gh_jid=8548502002	Pipeline	Databricks - Lead GTM Enablement & Scale Architect, Lakebase
1145	https://databricks.com/company/careers/open-positions/job?gh_jid=8341311002	Pipeline	Databricks - Resident Solutions Architect - Communications, Media, Entertainment & Games
1146	https://databricks.com/company/careers/open-positions/job?gh_jid=8520123002	Pipeline	Databricks - Senior Customer Enablement Architect
1147	https://databricks.com/company/careers/open-positions/job?gh_jid=8450207002	Pipeline	Databricks - Senior Manager GTM Strategy & Operations (Partners)
1148	https://databricks.com/company/careers/open-positions/job?gh_jid=8544533002	Pipeline	Databricks - Specialist Solutions Architect - AI/ML
1150	https://databricks.com/company/careers/open-positions/job?gh_jid=8439172002	Pipeline	Databricks - Sr. ISV & Partner Solutions Architect
1151	https://databricks.com/company/careers/open-positions/job?gh_jid=8428880002	Pipeline	Databricks - Sr. Manager, Customer Enablement (APJ)
1152	https://databricks.com/company/careers/open-positions/job?gh_jid=8493152002	Pipeline	Databricks - Sr. Partner Marketing Manager - Consulting & System Integrators
1153	https://databricks.com/company/careers/open-positions/job?gh_jid=8407915002	Pipeline	Databricks - Sr. Product Marketing Manager, Lakebase
1154	https://databricks.com/company/careers/open-positions/job?gh_jid=8389535002	Pipeline	Databricks - Sr. Program Manager, Data for Good
1155	https://databricks.com/company/careers/open-positions/job?gh_jid=8476403002	Pipeline	Databricks - Sr. Solutions Architect - Global Telecommunications
1156	https://databricks.com/company/careers/open-positions/job?gh_jid=8524422002	Pipeline	Databricks - Sr Staff Product Operations Manager
1157	https://databricks.com/company/careers/open-positions/job?gh_jid=8550948002	Pipeline	Databricks - Sr. Technology Partner Manager, Startup Program
1158	https://databricks.com/company/careers/open-positions/job?gh_jid=8479027002	Pipeline	Databricks - Strategic Customer Advisor
1159	https://databricks.com/company/careers/open-positions/job?gh_jid=8582459002	Pipeline	Databricks - Strategy & Execution AI Specialist
1160	https://databricks.com/company/careers/open-positions/job?gh_jid=8466586002	Pipeline	Databricks - Strategy & Execution Manager, GTM
1169	https://lattice.com/job?gh_jid=8581363002	Pipeline	Lattice - GTM Analytics Manager
1170	https://lattice.com/job?gh_jid=8488098002	Pipeline	Lattice - Senior GTM Enablement Manager
1171	https://lattice.com/job?gh_jid=8581365002	Pipeline	Lattice - Senior Revenue Operations Manager
1173	https://app.careerpuck.com/job-board/lyft/job/8535144002?gh_jid=8535144002	Pipeline	Lyft - Business Operations Manager
1174	https://app.careerpuck.com/job-board/lyft/job/8578261002?gh_jid=8578261002	Pipeline	Lyft - Executive Social and Communications Manager
1178	https://app.careerpuck.com/job-board/lyft/job/8547433002?gh_jid=8547433002	Pipeline	Lyft - Operations Associate, Flexdrive
1179	https://app.careerpuck.com/job-board/lyft/job/8568510002?gh_jid=8568510002	Pipeline	Lyft - Operations Lead
1180	https://app.careerpuck.com/job-board/lyft/job/8582649002?gh_jid=8582649002	Pipeline	Lyft - Operations Manager, Citi Bike
1181	https://app.careerpuck.com/job-board/lyft/job/8525455002?gh_jid=8525455002	Pipeline	Lyft - Program Manager, AV Technical Operations
1182	https://app.careerpuck.com/job-board/lyft/job/8509124002?gh_jid=8509124002	Pipeline	Lyft - Program Manager, Process Excellence & Standards
1184	https://app.careerpuck.com/job-board/lyft/job/8504066002?gh_jid=8504066002	Pipeline	Lyft - Senior Design Program Manager, Design Foundations & AI Transformation
1186	https://app.careerpuck.com/job-board/lyft/job/8576936002?gh_jid=8576936002	Pipeline	Lyft - Senior Marketing Operations Manager
1191	https://job-boards.greenhouse.io/lucidmotors/jobs/5139259007	Pipeline	Lucid Motors - Sales Specialist
1192	https://job-boards.greenhouse.io/lucidmotors/jobs/5154445007	Pipeline	Lucid Motors - Sales Specialist, Century City
1205	https://job-boards.greenhouse.io/lucidmotors/jobs/5150831007	Pipeline	Lucid Motors - Sr. Manager, Global Launch Process & Strategy
1206	https://job-boards.greenhouse.io/lucidmotors/jobs/5152351007	Pipeline	Lucid Motors - Sr. Program Manager UIUX Design
1224	https://navan.com/careers/openings?gh_jid=7964894	Pipeline	Navan - Brand Copywriter
1232	https://navan.com/careers/openings?gh_jid=7618993	Pipeline	Navan - Enterprise Launch Manager
1233	https://navan.com/careers/openings?gh_jid=7161346	Pipeline	Navan - Enterprise Solutions Consultant
1234	https://navan.com/careers/openings?gh_jid=7974968	Pipeline	Navan - Global Mobility Program Manager
1235	https://navan.com/careers/openings?gh_jid=7769855	Pipeline	Navan - GTM Enablement Senior Specialist, Onboarding
1236	https://navan.com/careers/openings?gh_jid=7482725	Pipeline	Navan - GTM Strategy & Operations Manager
1237	https://navan.com/careers/openings?gh_jid=7729289	Pipeline	Navan - GTM Strategy & Operations Senior Analyst
1238	https://navan.com/careers/openings?gh_jid=7968182	Pipeline	Navan - Manager Communications
1239	https://navan.com/careers/openings?gh_jid=7684953	Pipeline	Navan - Manager, Revenue Operations - SDR
1241	https://navan.com/careers/openings?gh_jid=7008462	Pipeline	Navan - Mid-Market Solutions Consultant - Expense
1242	https://navan.com/careers/openings?gh_jid=7974949	Pipeline	Navan - Senior Commercial Solutions Consultant
1243	https://navan.com/careers/openings?gh_jid=7408349	Pipeline	Navan - Senior Marketing Operations Manager
1244	https://navan.com/careers/openings?gh_jid=7255604	Pipeline	Navan - Senior Revenue Operations Analyst, Data Quality
1258	https://job-boards.greenhouse.io/natera/jobs/5998533004	Pipeline	Natera - Sales Application Specialist
1260	https://job-boards.greenhouse.io/natera/jobs/6007679004	Pipeline	Natera - Senior Manager, Network Operations
1262	https://job-boards.greenhouse.io/natera/jobs/5815402004	Pipeline	Natera - Supervisor, Test Coordinator - Houston, TX
1264	https://job-boards.greenhouse.io/iterable/jobs/7648569	Pipeline	Iterable - Senior Implementation Project Manager
1265	https://job-boards.greenhouse.io/iterable/jobs/6587092	Pipeline	Iterable - Solutions Consultant
1270	https://job-boards.greenhouse.io/omadahealth/jobs/7963790	Pipeline	Omada Health - Staff AI Transformation Program Manager
1276	https://boards.greenhouse.io/octave/jobs/8356972002?gh_jid=8356972002	Pipeline	Octave - Group Practice Partnership - California
1277	https://boards.greenhouse.io/octave/jobs/8356993002?gh_jid=8356993002	Pipeline	Octave - Group Practice Partnership - Florida
1278	https://boards.greenhouse.io/octave/jobs/8213860002?gh_jid=8213860002	Pipeline	Octave - Group Practice Partnership - Illinois
1279	https://boards.greenhouse.io/octave/jobs/8213694002?gh_jid=8213694002	Pipeline	Octave - Group Practice Partnership - New Jersey
1280	https://boards.greenhouse.io/octave/jobs/8213867002?gh_jid=8213867002	Pipeline	Octave - Group Practice Partnership - New York
1281	https://boards.greenhouse.io/octave/jobs/8456227002?gh_jid=8456227002	Pipeline	Octave - Group Practice Partnership - North Carolina
1282	https://boards.greenhouse.io/octave/jobs/8356987002?gh_jid=8356987002	Pipeline	Octave - Group Practice Partnership - Pennsylvania
1283	https://www.okta.com/company/careers/opportunity/7600440?gh_jid=7600440	Pipeline	Okta - Category Manager, Marketing
1284	https://www.okta.com/company/careers/opportunity/7930836?gh_jid=7930836	Pipeline	Okta - CEO Communications Manager
1285	https://www.okta.com/company/careers/opportunity/7940087?gh_jid=7940087	Pipeline	Okta - Customer Success Executive, DoD/IC/FSI
1286	https://www.okta.com/company/careers/opportunity/7940325?gh_jid=7940325	Pipeline	Okta - Customer Success Executive, SLED
1287	https://www.okta.com/company/careers/opportunity/7558251?gh_jid=7558251	Pipeline	Okta - Distinguished Strategic Advisor (Fed Focused)
1288	https://www.okta.com/company/careers/opportunity/7862418?gh_jid=7862418	Pipeline	Okta - GTM Process & Productivity Tools Manager
1289	https://www.okta.com/company/careers/opportunity/7871761?gh_jid=7871761	Pipeline	Okta - Pricing Operations Manager
1291	https://www.okta.com/company/careers/opportunity/7767846?gh_jid=7767846	Pipeline	Okta - Revenue Operations Manager
1292	https://www.okta.com/company/careers/opportunity/7860180?gh_jid=7860180	Pipeline	Okta - Senior Analyst, Sales Strategy & Operations
1295	https://www.okta.com/company/careers/opportunity/7868388?gh_jid=7868388	Pipeline	Okta - Senior Identity Specialist (Field CTO)
1296	https://www.okta.com/company/careers/opportunity/7874109?gh_jid=7874109	Pipeline	Okta - Senior Manager, M&A Integration & Strategic Programs
1297	https://www.okta.com/company/careers/opportunity/7833584?gh_jid=7833584	Pipeline	Okta - Senior Product Marketing Specialist, Public Sector
1300	https://www.okta.com/company/careers/opportunity/7993740?gh_jid=7993740	Pipeline	Okta - Sr. Social Content Manager
1301	https://www.okta.com/company/careers/opportunity/7833580?gh_jid=7833580	Pipeline	Okta - Staff Product Marketing Manager, Public Sector
1302	https://www.okta.com/company/careers/opportunity/7983535?gh_jid=7983535	Pipeline	Okta - Technical Consultant, Auth0
1307	https://otter.ai/careers?gh_jid=7713874003	Pipeline	Otter.ai - Growth Marketing Manager, Paid Acquisition
1308	https://otter.ai/careers?gh_jid=7761479003	Pipeline	Otter.ai - Senior Field Marketing Manager
1309	https://otter.ai/careers?gh_jid=7763909003	Pipeline	Otter.ai - Senior Manager, Customer Success
1310	https://otter.ai/careers?gh_jid=7602523003	Pipeline	Otter.ai - Senior Manager, Sales Enablement
1311	https://otter.ai/careers?gh_jid=7761499003	Pipeline	Otter.ai - Senior Marketing Campaign Manager
1322	https://job-boards.greenhouse.io/parachutehome/jobs/8463197002	Pipeline	Parachute Home - Senior CRM Manager
1378	https://boards.greenhouse.io/relativity/jobs/8579694002?gh_jid=8579694002	Pipeline	Relativity Space - Lead, Business Operations
1381	https://boards.greenhouse.io/relativity/jobs/8571090002?gh_jid=8571090002	Pipeline	Relativity Space - Production Coordinator II, Second Shift
1385	https://boards.greenhouse.io/relativity/jobs/8567929002?gh_jid=8567929002	Pipeline	Relativity Space - Senior Associate, Business Operations
1388	https://boards.greenhouse.io/relativity/jobs/8539881002?gh_jid=8539881002	Pipeline	Relativity Space - Senior Communications Manager
1390	https://boards.greenhouse.io/relativity/jobs/8575828002?gh_jid=8575828002	Pipeline	Relativity Space - Tool Builder Specialist II
1405	https://job-boards.greenhouse.io/reformation/jobs/7895712	Pipeline	Reformation - Assistant Store Manager, Operations, Full-time - Flatiron
1406	https://job-boards.greenhouse.io/reformation/jobs/7998383	Pipeline	Reformation - Operations Associate, Part Time - Broadway Plaza
1416	https://job-boards.greenhouse.io/roofstock/jobs/8494496002	Pipeline	Roofstock - Back of House Coordinator
1440	https://job-boards.greenhouse.io/rocketlab/jobs/7718490003	Pipeline	Rocket Lab - Events & Merchandise Coordinator
1445	https://job-boards.greenhouse.io/rocketlab/jobs/7764717003	Pipeline	Rocket Lab - Production Coordinator II
1447	https://job-boards.greenhouse.io/rocketlab/jobs/7675936003	Pipeline	Rocket Lab - Senior Program Manager I
1448	https://job-boards.greenhouse.io/rocketlab/jobs/7557406003	Pipeline	Rocket Lab - Senior Program Manager I/II
1450	https://careers.roblox.com/jobs/7701763?gh_jid=7701763	Pipeline	Roblox - Creator Growth Operations Manager, Monetization
1456	https://careers.roblox.com/jobs/7716688?gh_jid=7716688	Pipeline	Roblox - Lead/Senior Lead, Roblox Incubator Program
1457	https://careers.roblox.com/jobs/7813041?gh_jid=7813041	Pipeline	Roblox - Localization Program Manager
1460	https://careers.roblox.com/jobs/7951971?gh_jid=7951971	Pipeline	Roblox - Product Marketing Manager, Creator Monetization
1461	https://careers.roblox.com/jobs/7950883?gh_jid=7950883	Pipeline	Roblox - Product Marketing Manager, Discovery
1462	https://careers.roblox.com/jobs/7977893?gh_jid=7977893	Pipeline	Roblox - Senior Growth Marketing Manager
1463	https://careers.roblox.com/jobs/7655813?gh_jid=7655813	Pipeline	Roblox - Tech Lead Manager (TLM) - Ads Experience
1475	https://job-boards.greenhouse.io/strivehealth/jobs/4683781006	Pipeline	Strive Health - Sr. Manager, Partner Success
1476	https://job-boards.greenhouse.io/strivehealth/jobs/4656370006	Pipeline	Strive Health - Sr. Network Engagement Partner
1486	https://stripe.com/jobs/search?gh_jid=7844214	Pipeline	Stripe - AEO and GEO Marketing Manager
1487	https://stripe.com/jobs/search?gh_jid=7675097	Pipeline	Stripe - AV Builds and Operations
1488	https://stripe.com/jobs/search?gh_jid=7868790	Pipeline	Stripe - Brand Partnerships & Strategy Lead
1489	https://stripe.com/jobs/search?gh_jid=7584016	Pipeline	Stripe - Campaign Operations Manager
1490	https://stripe.com/jobs/search?gh_jid=7206336	Pipeline	Stripe - Commercial Solutions Program Manager
1491	https://stripe.com/jobs/search?gh_jid=7959351	Pipeline	Stripe - Consumer Brand Marketing Lead, Link
1492	https://stripe.com/jobs/search?gh_jid=7947510	Pipeline	Stripe - Consumer Product Marketing Lead, Link
1493	https://stripe.com/jobs/search?gh_jid=7951146	Pipeline	Stripe - Content Marketing Lead, Bridge
1494	https://stripe.com/jobs/search?gh_jid=7827403	Pipeline	Stripe - Corporate Communications
1499	https://stripe.com/jobs/search?gh_jid=7241636	Pipeline	Stripe - Design Manager, Digital Experiences
1500	https://stripe.com/jobs/search?gh_jid=7868564	Pipeline	Stripe - Design Program Manager, AI
1501	https://stripe.com/jobs/search?gh_jid=7747640	Pipeline	Stripe - Forward Deployed AI Accelerator, Marketing
1504	https://stripe.com/jobs/search?gh_jid=7587812	Pipeline	Stripe - Integrated Campaigns Manager, Startups and AI
1507	https://stripe.com/jobs/search?gh_jid=7955351	Pipeline	Stripe - Manager, Customer Success
1508	https://stripe.com/jobs/search?gh_jid=7253148	Pipeline	Stripe - Marketing Operations Manager
1509	https://stripe.com/jobs/search?gh_jid=7616135	Pipeline	Stripe - Marketing Operations Program Manager, Sold Funnel
1510	https://stripe.com/jobs/search?gh_jid=7589978	Pipeline	Stripe - Network Solution Specialist
1512	https://stripe.com/jobs/search?gh_jid=7812209	Pipeline	Stripe - Operations Program Manager, Managed Operations
1513	https://stripe.com/jobs/search?gh_jid=7617049	Pipeline	Stripe - Paid Digital Marketing Manager
1514	https://stripe.com/jobs/search?gh_jid=7697675	Pipeline	Stripe - Partner Development Manager, Global Networks
1516	https://stripe.com/jobs/search?gh_jid=7973002	Pipeline	Stripe - Partner Development Manager, Strategic Partnerships
1517	https://stripe.com/jobs/search?gh_jid=7411434	Pipeline	Stripe - Partner Solutions Architect - Consulting Partners
1518	https://stripe.com/jobs/search?gh_jid=7964568	Pipeline	Stripe - Partner Solutions Architect, Technology Partnerships
1519	https://stripe.com/jobs/search?gh_jid=7562148	Pipeline	Stripe - Payments Performance Strategist, Network Cost
1520	https://stripe.com/jobs/search?gh_jid=7858811	Pipeline	Stripe - Portfolio Pricing Strategist
1521	https://stripe.com/jobs/search?gh_jid=7869917	Pipeline	Stripe - Product Lead, Support Experience
1523	https://stripe.com/jobs/search?gh_jid=6348471	Pipeline	Stripe - Product Marketing Manager
1524	https://stripe.com/jobs/search?gh_jid=7913503	Pipeline	Stripe - Product Marketing Manager, Apps and Ecosystem
1525	https://stripe.com/jobs/search?gh_jid=7961101	Pipeline	Stripe - Product Marketing Manager, Checkout
1526	https://stripe.com/jobs/search?gh_jid=7914005	Pipeline	Stripe - Product Marketing Manager, Growth
1527	https://stripe.com/jobs/search?gh_jid=7832098	Pipeline	Stripe - Product Marketing Manager, Portfolio Pricing
1528	https://stripe.com/jobs/search?gh_jid=7812965	Pipeline	Stripe - Product Marketing Manager, Pricing
1530	https://stripe.com/jobs/search?gh_jid=7923047	Pipeline	Stripe - Program Manager
1531	https://stripe.com/jobs/search?gh_jid=7467934	Pipeline	Stripe - Program Manager, Enterprise Servicing
1532	https://stripe.com/jobs/search?gh_jid=7922532	Pipeline	Stripe - Program Manager, Go To Market
1533	https://stripe.com/jobs/search?gh_jid=7656504	Pipeline	Stripe - Program Manager, GTM Planning
1535	https://stripe.com/jobs/search?gh_jid=7470827	Pipeline	Stripe - Program Manager, Solutions Architecture (GTM Transformation)
1544	https://stripe.com/jobs/search?gh_jid=7953987	Pipeline	Stripe - Sales Development Change Management Specialist
1545	https://stripe.com/jobs/search?gh_jid=7359215	Pipeline	Stripe - Sales Enablement & Training Specialist
1546	https://stripe.com/jobs/search?gh_jid=7944515	Pipeline	Stripe - Sales Strategy & Operations Business Partner
1549	https://stripe.com/jobs/search?gh_jid=7373865	Pipeline	Stripe - Short-form Video & Social, Community Comms
1550	https://stripe.com/jobs/search?gh_jid=7380371	Pipeline	Stripe - Specialist Solutions Architect, Money Management
1551	https://stripe.com/jobs/search?gh_jid=7377591	Pipeline	Stripe - Specialist Solutions Architect, Payments
1553	https://stripe.com/jobs/search?gh_jid=7812348	Pipeline	Stripe - Technical Enablement Business Partner
1554	https://stripe.com/jobs/search?gh_jid=7719602	Pipeline	Stripe - Technical Partner Manager, AMER Banks
1557	https://stripe.com/jobs/search?gh_jid=7587814	Pipeline	Stripe - Writer, Content Marketing
1572	https://www.textio.com/careers/apply/?job=7576380003&gh_jid=7576380003	Pipeline	Textio - Growth Marketing Manager
1578	https://job-boards.greenhouse.io/tia/jobs/7609216003	Pipeline	Tia - Care Coordinator I, Late Pacific Schedule - Remote
1588	https://careers.toasttab.com/jobs?gh_jid=7931361	Pipeline	Toast - GTM AI Operations
1591	https://thrivemarketjobs.com/job_posting.html?id=4251450009&gh_jid=4251450009	Pipeline	Thrive Market - Outbound Operations Manager
1598	https://boards.greenhouse.io/transcarent/jobs/5988475004?gh_jid=5988475004	Pipeline	Transcarent - Manager, Partnership Success- Health Plan
1599	https://boards.greenhouse.io/transcarent/jobs/5743540004?gh_jid=5743540004	Pipeline	Transcarent - Manager, Strategic Account Management- Client Success
1600	https://boards.greenhouse.io/transcarent/jobs/5996924004?gh_jid=5996924004	Pipeline	Transcarent - Remote Outreach Specialist
1601	https://boards.greenhouse.io/transcarent/jobs/5802895004?gh_jid=5802895004	Pipeline	Transcarent - Senior Manager, AI and Leadership Enablement
1602	https://boards.greenhouse.io/transcarent/jobs/6017653004?gh_jid=6017653004	Pipeline	Transcarent - Sr. Specialist, Customer Success
1603	https://job-boards.greenhouse.io/typeface/jobs/5041723007	Pipeline	Typeface - Senior Content Marketing Manager
1604	https://job-boards.greenhouse.io/typeface/jobs/5134240007	Pipeline	Typeface - Senior Product Marketing Manager
1606	https://job-boards.greenhouse.io/twitch/jobs/8551043002	Pipeline	Twitch - Strategic Partner Manager
1620	https://job-boards.greenhouse.io/twilio/jobs/7968269	Pipeline	Twilio - Principal, Marketing Architecture & Strategy
1624	https://job-boards.greenhouse.io/twilio/jobs/7707977	Pipeline	Twilio - Senior Principal, Technical Program Management (Research & Development)
1625	https://job-boards.greenhouse.io/twilio/jobs/7664688	Pipeline	Twilio - Senior Product Marketing Manager, Data
1626	https://job-boards.greenhouse.io/twilio/jobs/7979245	Pipeline	Twilio - Staff Solutions Architect, Contract LifeCycle Management
1627	https://job-boards.greenhouse.io/twilio/jobs/7979240	Pipeline	Twilio - Staff Solutions Architect, Opportunity LifeCycle Management
1632	https://careers.upstart.com/jobs?gh_jid=7954430	Pipeline	Upstart - Operations Manager, Auto Loan Processing
1633	https://careers.upstart.com/jobs?gh_jid=7902108	Pipeline	Upstart - Principal Analyst, Growth Marketing
1637	https://careers.upstart.com/jobs?gh_jid=7572424	Pipeline	Upstart - Senior Customer Contact Specialist
1639	https://careers.upstart.com/jobs?gh_jid=7904998	Pipeline	Upstart - Senior Lifecycle Manager, Emerging Markets (contract)
1640	https://careers.upstart.com/jobs?gh_jid=7858792	Pipeline	Upstart - Senior Performance Marketing Manager, Direct Mail and Offline Growth,
1644	https://boards.greenhouse.io/vast/jobs/4688905006?gh_jid=4688905006	Pipeline	Vast - Events Coordinator
1650	https://boards.greenhouse.io/vast/jobs/4684707006?gh_jid=4684707006	Pipeline	Vast - Operations & Production Specialist, Experiences
1652	https://boards.greenhouse.io/vast/jobs/4618536006?gh_jid=4618536006	Pipeline	Vast - Quality Inspection Specialist
1653	https://boards.greenhouse.io/vast/jobs/4660881006?gh_jid=4660881006	Pipeline	Vast - Senior Integration Specialist, E-2
1656	https://boards.greenhouse.io/vast/jobs/4688603006?gh_jid=4688603006	Pipeline	Vast - Sourcing Coordinator, Indirect
1659	https://boards.greenhouse.io/vast/jobs/4678876006?gh_jid=4678876006	Pipeline	Vast - Training Operations Coordinator
1660	https://www.yotpo.com/careers/gid-7946438?gh_jid=7946438	Pipeline	Yotpo - Business Analyst (GTM)
1661	https://www.yotpo.com/careers/gid-7859122?gh_jid=7859122	Pipeline	Yotpo - Enablement Manager, Customer Success
1662	https://www.yotpo.com/careers/gid-7681804?gh_jid=7681804	Pipeline	Yotpo - Senior Product Marketing Manager
1664	https://job-boards.greenhouse.io/agencywithin/jobs/4676963007	Pipeline	WITHIN - AI Creative Specialist - CO
1667	https://job-boards.greenhouse.io/agencywithin/jobs/4461871007	Pipeline	WITHIN - Digital Media Strategist
1668	https://job-boards.greenhouse.io/agencywithin/jobs/4519870007	Pipeline	WITHIN - Digital Media Strategist - CO
1669	https://job-boards.greenhouse.io/agencywithin/jobs/4077847007	Pipeline	WITHIN - Revenue Enablement Manager
1671	https://www.zoominfo.com/careers?gh_jid=8577950002	Pipeline	ZoomInfo - GTM Solutions Architect
1672	https://www.zoominfo.com/careers?gh_jid=8539225002	Pipeline	ZoomInfo - Research Specialist II
1673	https://www.zoominfo.com/careers?gh_jid=8460589002	Pipeline	ZoomInfo - Senior Business Operations Manager
1674	https://www.zoominfo.com/careers?gh_jid=8585803002	Pipeline	ZoomInfo - Senior Customer Lifecycle Strategy Manager
1675	https://www.zoominfo.com/careers?gh_jid=8537341002	Pipeline	ZoomInfo - Senior Partnerships Manager, Solutions
1696	https://zwift.com/careers?gh_jid=8539677002	Pipeline	Zwift - Associate Specialist- Community Support
1697	https://vhr-pbs.wd115.myworkdayjobs.com/job/Remote/Sr-Manager--Local-Content-and-Presence_JR1000292	Pipeline	PBS - Sr. Manager, Local Content and Presence
