Category,Content
Summary,"Strategic and soulful email marketing specialist with 10+ years of experience leading lifecycle campaigns that connect and convert, turning data into insight-driven storytelling. Led automation flows across Salesforce and Outreach.io, built segmentation models that drive personal impact at scale, and crafted content that resonated across 2,000+ accounts. Known for blending creative spark with CRM rigor, pairing bold ideas with metrics that matter. Originally from Kansas City, bringing the city's warmth and scrappy heart to every campaign — exactly the energy needed for bold, data-smart brand work."
Summary,"Versatile marketing leader with 9+ years of experience spanning CRM lifecycle campaigns, email marketing, content development,  and creative design. Expert in Salesforce and Outreach.io with hands-on experience integrating, training, and optimizing platforms for  campaign success. Equally comfortable writing and designing as I am leading cross-functional initiatives, QA processes, and A/B  testing strategies. Adept at bridging strategy with execution, supporting high-level growth goals, and detailed operational needs.  Passionate about personalization, automation, and creating high-impact work that drives engagement, retention, and revenue."
Summary,"Account Executive with over nine years of experience driving B2B SaaS sales and growth marketing across EdTech and mission-driven organizations, specializing in expanding educational access and opportunity. Proven track record exceeding quotas and navigating complex institutional sales cycles with diverse stakeholder groups. Combines deep understanding of educational landscapes with strategic sales execution to drive sustainable revenue growth. Thrives in startup environments, building scalable processes and collaborative cultures focused on meaningful impact."
Summary,"Seasonal retail associate with 10+ years of experience supporting the kind of environments where beauty discovery feels inspiring rather than overwhelming. Skilled in product organization, restocking high-demand items, and maintaining the clean, welcoming spaces that make exploration possible. Experienced in handling delicate merchandise and managing seasonal transitions, with genuine appreciation for Ulta Beauty's mission of helping people express their creativity and confidence through beauty."
Summary,"Reliable, kind-hearted professional with over a decade of experience keeping teams, tools, and tasks running smoothly."
Summary,"Copywriter with a strategic compass and a storyteller’s heart. Known for developing crisp, human-centered content that turns complexity into clarity and readers into loyal customers. For over a decade, I’ve written everything from lifecycle emails to landingpages, helping brands sound like themselves (only better), while driving open rates over 80% and reply rates 10x above industry norms."
Summary,"Consultative marketing strategist with 10+ years of experience leading CRM-driven content programs that drive engagement, retention, and revenue. Skilled in translating business goals into scalable campaign ecosystems — including dynamic segmentation, prompt-based workflows, and QA processes across email, SEO, and social. Trusted by cross-functional teams to align messaging with performance, with a sharp eye for clarity, consistency, and compliance. Known for bringing structure to creative chaos: building calendars, auditing pipelines, launching voice alignment initiatives, and uncovering millions in potential pipeline through CRM-driven strategy. Fluent in Salesforce, Outreach.io, and marketing automation, with a confident, quality-first approach to AI-assisted content."
Summary,"Thoughtful, systems-savvy marketing strategist with 10+ years of experience designing high-empathy lifecycle journeys across CRM, email, and outbound channels. Specializes in guiding users from initial engagement to long-term retention while supporting product, growth, and revenue goals. Known for blending creative polish with operational clarity — and for connecting with audiences at scale through strategy grounded in empathy, creativity, and measurable impact. Experienced in conversion-oriented campaign design, A/B testing, and audience segmentation that supports both customer activation and recurring revenue. Proven track record of translating complex user needs into streamlined automation workflows and cross-functional campaigns, from multi-million dollar pipeline optimization to behaviorally informed retention strategies."
Summary,"Skilled at translating technical details into high-converting campaigns across SaaS, EdTech, and agency environments. Comfortable managing tight timelines, multiple deliverables, and high standards for both tone and accuracy. My writing is persuasive, precise, and designed to earn trust one line at a time."
Summary,Became Treering’s first-ever outbound employee to reach $1M+ in revenue by creating a lifecycle messaging strategy that combined  personalized outreach and prospect segmentation to drive results.
Summary,"Strategic Product Marketing Manager with 10+ years turning complex EdTech solutions into clear Go-to-Market successes. Known for a rare blend of strategic rigor and deep user empathy, with a proven track record of building full-funnel strategies that have  reached thousands of schools. Skilled at translating educator needs into resonant messaging, developing persona-driven campaigns,  and building enablement ecosystems from the ground up. Successfully scaled content operations that achieved 10x industry-average  performance while managing a $20M portfolio of strategic accounts."
Summary,"Multidisciplinary Graphic Designer with 10+ years of experience blending visual communication, copywriting, and brand storytelling across B2B, SaaS, and EdTech sectors. Skilled in Adobe Creative Suite (Illustrator, Photoshop, InDesign) and content-driven design for digital and print media. Creates brand-consistent materials, including presentations, collateral, and campaign content, that communicate clearly and support business growth. Collaborative, strategic, and detail-oriented. Experience working cross-functionally with sales, marketing, and product teams to deliver polished, on-brand creative."
Summary,"Strategic digital marketer with 10+ years of experience leading persona-driven campaigns across CRM, paid media, and content ecosystems. Skilled in scaling engagement through logic-based lifecycle journeys, Account-Based Marketing (ABM) display, and social platforms. Combines creative strategy with performance analysis to build systems that are thoughtful, measurable, and human-centered. Known for translating cross-functional goals into campaigns that align brand voice with business impact."
Summary,"Creative marketing specialist with 10+ years of experience turning ideas into high-impact content across digital, social, and  internal channels. I bring a strong foundation in campaign design, CRM execution, and presentation development, with a sharp eye  for how story, structure, and visuals shape behavior and brand perception. I'm equal parts systems thinker and creative partner,  known for bringing clarity to chaos, making things work (and look) better, and helping fast-moving teams stay aligned, energized,  and on-message. Whether I'm iterating on ad creatives, refining messaging, or building from scratch, I care deeply about the craft— and about making the process feel human, collaborative, and genuinely enjoyable."
Summary,"Creative strategist with 10+ years of experience crafting high-impact presentations, content systems, and messaging architectures that move fast and scale well. Known for transforming complex ideas into confident communication, from branded sales decks and custom pitches to full-scale content workflows. Aligns teams, elevates executive messaging, and supports reps with tools that feel sharp, human, and on-brand. Deep expertise in CRM strategy, lifecycle touchpoints, and visual storytelling. Trusted for calm clarity in fast-paced environments and a design-minded approach to every detail."
Summary,"Lifecycle Marketing Manager with 10+ years of experience driving customer retention, engagement, and revenue through  CRM strategy and multichannel marketing. Proven track record building and optimizing automated customer journeys and  lifecycle campaigns — spanning email, SMS, and push notifications — for boutique agencies (~$1M revenue) to mid-sized startups  (~120 employees, $17M revenue) and large global firms (500+ employees, $400M+ worldwide). Specializes in leveraging data driven segmentation, A/B testing, and customer insights to increase lifetime value, deepen engagement, and optimize campaign  performance. Known for blending data-backed personalization with compelling brand storytelling to create high-impact, scalable  retention programs."
Summary,"Skilled at translating educator needs into go-to-market strategy, developing persona-driven campaigns, and building enablement ecosystems from the ground up. Believes in the power of thoughtfully positioned tools to unlock transformative learning and in marketing that connects people not just to products, but to possibility."
Summary,"Creative marketing leader with 10+ years of experience turning complex strategies into emotionally resonant, performance-driven brand stories. Expert in building content systems, omnichannel campaigns, and CRM journeys that engage and convert. Creative philosophy blends narrative clarity, data-backed intuition, and customer empathy, ensuring every campaign feels crafted, not generic. A rare hybrid of storyteller, systems thinker, and lifecycle strategist who is adept at leading with vision and delivering with precision. Known for fusing big-picture creativity with operational excellence across digital, email, and brand environments. Seeking creative-forward roles that reward bold ideas, deep empathy, and measurable impact."
Summary,"Revenue Operations leader who builds the infrastructure that drives predictable growth. My expertise is in transforming chaotic  sales and marketing processes into a single, streamlined, and measurable revenue engine. I specialize in CRM architecture, marketing  automation, and data analysis, with a proven track record of unlocking hidden pipeline, accelerating deal velocity, and improving cross functional efficiency. I don’t just manage the tech stack; I connect it directly to the P&L, ensuring that every system, process, and piece  of data is optimized to accelerate revenue. I thrive on solving complex operational puzzles and creating the data-driven foundation that  accelerates revenue growth and enables predictable scaling for sales and marketing teams."
Summary,"A proven architect of full-funnel strategies and operational improvements, I thrive in fast-moving environments. My superpowers as an empathy-driven innovator include scaling innovative operations, mentoring teams through change, and championing inclusive content at every level. I’m energized by complex challenges and love transforming ambiguity into clarity, action, and results."
Summary,"Communications and marketing strategist with 10+ years of experience shaping clear, engaging stories across brands, channels, and teams. Builds strong narratives and scalable systems, from executive presentations and campaign messaging to full content workflows. Skilled at turning complex information into approachable, visually compelling communications. Partners easily across departments, bringing organization, design sensibility, and empathy to every project. Known for steady focus, audience awareness, and delivering work that feels intentional, human, and on-brand."
Summary,"Retention Marketing and Lifecycle Communications Leader with 10+ years of experience driving customer engagement,  retention, and revenue growth across high-growth SaaS and EdTech startups. Proven track record in building sophisticated  lifecycle workflows, automated email campaigns, and data-driven retention strategies that maximize customer LTV. Combines deep  expertise in marketing automation platforms with a storyteller’s craft to create compelling customer journeys that drive loyalty and  reduce churn. Passionate about mission-driven organizations and expanding access to essential services — especially in the mental  health and wellness space where personalized, empathetic communication can truly transform lives."
Summary,"Senior Solution Sales & Revenue Strategist with 10+ years of experience driving pipeline growth, revenue expansion, and  customer engagement across K-12 education, SaaS, and EdTech sectors. Proven success leading long-cycle, multi-stakeholder  deals with district leaders, administrators, and education councils. Consistently achieved $1M+ annual revenue targets and  developed long-cycle sales strategies that drive new business and cross-sell opportunities. Known for exceeding goals through data driven sales, CRM optimization, and collaborative, consultative selling."
Summary,"Senior Marketing Specialist with 8+ years experience leading full-funnel lifecycle programs. Expertise spans campaign management, customer segmentation, brand management, content strategy, and data analysis, craing user-centric journeys that elevate engagement and revenue. Adept at juggling multiple projects, partnering with Product, Engineering, and Design, and executing rigorous A/B testing to sharpen conversion-rate optimization. Consistently translates market insights into empathetic touchpoints that strengthen pipeline, retention, and brand equity without losing the human spark."
Summary,"Email marketing specialist with 10+ years of experience driving campaign performance through automation, behavioral segmentation, and multi-channel integration. Proven record achieving reply rates up to 43% (10x industry average) and managing lifecycle campaigns across email, web, and mobile. Strong foundation in template optimization, QA frameworks, and automated workflows, with deep experience leading platform migrations and collaborating with engineering teams. Skilled in campaign debugging, performance monitoring, and cross-functional execution. Rapid learner with demonstrated ability to master new marketing technologies and apply them in fast-paced environments."
Summary,"But more than anything, I care about helping people. Whether it was supporting underserved schools through equitable yearbook access, championing animal welfare, or amplifying the voices of local businesses, every chapter of my career has been guided by the same goal: to make things better. That’s why Rula’s mission resonates so strongly. I’m passionate about using thoughtful, data-informed communication to make mental healthcare more accessible, compassionate, and stigma-free — because precisely-timed, personalized communication could change someone’s life."
Summary,Senior Email Marketing Strategist with extensive experience in managing sales calendars and high-converting campaigns. Achieved $1.5M+ in sales and maintained industry-leading email metrics across a $20M portfolio via strategic A/B testing and data-driven  approaches. Excels at crafting compelling offers and refining automated sequences to consistently boost engagement and revenue.
Summary,"I bring calm to chaos, warmth to workflows, and a knack for making systems make sense. Whether I’m managing data, drafting communication, or helping a team stay aligned, I approach every task with care, curiosity, and a genuine desire to help."
Summary,"Content publishing and messaging specialist with 10+ years of experience transforming complex ideas into campaigns that are structured, scalable, and effective. Skilled in CMS workflows, QA, editing, and documentation across digital, email, and internal platforms. Blends storytelling, SEO, and systems thinking to deliver content that connects clearly and performs consistently. A go-to collaborator with a deep love of organization, voice alignment, and making great work actually work."
Summary,2. Startup Sales Builder Who Turns Cold Start Into Closed-Won:
Summary,"Ranked in the company’s Top 10 for new opportunities during my first two consecutive months, driven by brand-aligned messaging,  thoughtful prospecting, and audience-first engagement strategy."
Summary,"Strategic content marketer with 10+ years of experience building lifecycle campaigns, thought leadership content, and persona-driven messaging systems. Skilled in designing email drips, producing case studies, and collaborating across teams to turn insight into conversion-ready content. Combines CRM fluency with storytelling instinct to guide leads through complex journeys — with a focus on clarity, creativity, and measurable results."
Summary,"Strategic and empathetic product marketing professional with 10+ years of experience shaping high-impact lifecycle journeys and go-to-market strategies across EdTech, SaaS, and mission-driven environments. Known for translating complex product stories into clear, resonant messaging that fuels adoption, retention, and cross-functional alignment."
Summary,"Creative Marketing and Growth Leader with 10+ years of experience driving brand affinity and customer engagement across SaaS, EdTech, nonprofit, and B2B/B2C sectors. I bring a storyteller’s eye and a builder’s mindset to every campaign, fusing data, empathy, and strategic execution to deliver full-funnel growth and lasting connection."
Summary,Ranked in the company's Top 10 for new opportunities during my first two consecutive months due to brand-aligned messaging and  audience-first engagement.
Summary,"Business development and sales professional with 10+ years of experience generating leads, building relationships, and  driving pipeline growth through outbound outreach and prospecting in fast-paced SaaS and agency environments. Proven  success engaging decision-makers at mid-sized startups (up to 120 employees and $17M+ revenue) and sales agencies (150  employees, $21M revenue) through cold outreach, discovery conversations, and high-volume lead generation programs. Known  for balancing hustle, empathy, and curiosity to connect with potential partners, qualify opportunities, and support sales growth.  Passionate about industries where education, community, and advocacy intersect, and excited to bring that energy to Leafly’s  mission-driven sales team."
Summary,"Thoughtful, systems-savvy marketing strategist with 10+ years of experience designing high-empathy lifecycle journeys across CRM, email, and outbound channels. Deep roots in EdTech and SaaS, and specializes in helping teams move users from initial questions to long-term adoption while supporting product, growth, and community goals. Known for blending creative polish with operational clarity, and for helping teams connect with educators from the heart with just the right mix of strategy and soul. Proven track record of translating complex needs into streamlined automation workflows and cross-functional campaign strategies that honor both business objectives and human experience, whether orchestrating multi-million dollar pipeline optimization or crafting pandemic response communications that reached thousands of educators."
Summary,"I’m a senior email marketer with 10+ years of experience and a deep love for lifecycle strategy. I’ve owned everything from segmentation logic to subject line experiments, building high-performing campaigns that didn’t just get opened — they made real connections which produced real results. Whether it’s mapping automation flows, decoding click-through rates, or writing copy that feels personal at scale, I bring strategic vision and hands-on execution to the table. I know my way around Salesforce, HubSpot, and other automation platforms, and I’m quick to master new tools like Eloqua. Creative, analytical, and obsessed with clean data and clever content, I’m the kind of email nerd who spreadsheets (and color codes!) their QA process to get it right."
Summary,Senior SDR (IC-by-Choice) Who Generates Meetings At Pace:
Summary,"Strategic, systems-minded marketing and CRM specialist with 9+ years of experience driving more innovative outreach, lifecycle  engagement, internal enablement, and sales operations. Brings a unique ability to bridge creative storytelling with technical  execution, especially within Salesforce, Outreach.io, and campaign automation tools."
Summary,Became Treering's first-ever outbound employee to reach $1M in revenue by creating a lifecycle messaging strategy that combined  personalized outreach and prospect segmentation to drive results
Summary,Startup AE Who Turns Outbound Into Closed-Won:
Summary,"Digital marketing strategist with 10+ years of experience driving consumer engagement through data-informed email  campaigns and creative strategy. Built and executed lifecycle campaigns that consistently achieved 83% open rates and 43%  reply rates with performance that turned prospects into $1.5M+ in realized revenue. Unique blend of creative strategy and technical  execution: writing compelling briefs, collaborating seamlessly with design teams, and obsessing over the QA details that help  campaigns succeed. Thrives at the intersection of story and systems, where great creative meets flawless delivery."
Summary,"Market Development and Growth Leader with 10+ years of experience driving full-funnel B2B sales, growth marketing, and go-to-market execution across SaaS, EdTech, and mission-driven sectors — all in service of expanding access to education and economic opportunity. Combines a builder’s mindset with a storyteller’s craft to design scalable GTM strategies, launch rapid-fire A/B and segment experiments, and translate complex products into compelling narratives that accelerate engagement and deal velocity. Brings a learner’s mindset to every challenge, mentoring teams through change while championing inclusive, impact-first content and operational rhythms that spark belonging. Thrives in ambiguity, ignites momentum from 0→1, and delivers measurable growth where it matters most."
Summary,Enterprise-Minded Pipeline Builder Who Orchestrates Multi-Threaded Pilots:
Summary,Ranked in the company’s Top 10 for new opportunities during my first two consecutive months due to brand-aligned messaging and  audience-first engagement.
Summary,"Multi-talented digital storyteller with 10+ years of experience spanning B2B tech, SaaS, and EdTech. Drove $1M+ in outbound revenue, 2,000+ account nurture campaigns, and org-wide content systems. Transforms abstract strategy into social-first campaigns, CRM programs, and scalable content systems. Passionate about building high-performing digital systems—from editorial calendars to marketing automation. Brings a unique fusion of creative direction, lifecycle thinking, and content craftsmanship. Seeking social-forward roles where audience insights meet performance storytelling."
Summary,"Creative Strategist & Integrated Campaign Lead with 10+ years of experience building full-funnel campaigns, brand messaging, and content that actually connects across SaaS, EdTech, and mission-driven teams. Blends systems thinking with player-first storytelling to create campaigns that feel thoughtful, flexible, and deeply human. Skilled at turning insights into ideas, briefs into bold concepts, and multi-phase plans into cohesive journeys. Equally at home building segmentation logic or pitching a scrappy social-first idea. Loves clarity, collaboration, and the magic of campaigns that feel as immersive as they are effective, especially when they speak to communities that care (and yes, that includes gamers)."
Summary,"Versatile marketing leader with 15+ years of experience spanning CRM lifecycle campaigns, cross-channel marketing, content  development, internal communications, and creative design. Expert in Salesforce and Outreach.io with hands-on experience  integrating, training, and optimizing platforms for campaign success. Equally comfortable writing and designing as leading cross functional initiatives, QA processes, and A/B testing strategies. Experienced in distributed team collaboration using Slack, Zoom, and  Trello, and thrive in asynchronous, self-led environments. Passionate about personalization, automation, and creating high-impact  work that drives engagement, retention, and revenue."
Summary,"Accomplished Content Specialist with 10+ years of experience in journalism, content production, and editorial judgment on  nuanced topics. Proven track record of quality-controlling large datasets of text while maintaining accuracy and consistency at  scale. Expert in data analysis and visualization, producing compelling actionable insights for partners. Combines editorial expertise  with technical proficiency to improve user experience and drive engagement."
Summary,"Senior Email Marketing Specialist with 8+ years of experience delivering high-performing email campaigns. Achieved industry leading open and reply rates through expert strategy, rigorous A/B testing, and precise campaign management. Proven track record  in optimizing email deliverability and converting prospects into significant revenue, ensuring client satisfaction and adherence to  compliance standards."
Summary,"Strategic, story-driven product marketer and EdTech enthusiast with 10+ years of turning complex ideas into clear, meaningful experiences across SaaS and K–12 education. Known for a rare blend of strategic rigor and empathetic insight, and building full-funnel strategies that reached thousands of schools, helping them discover resources that support their goals."
Summary,"Senior Solution Sales leader with 10+ years driving $1.5M+ in revenue across complex K-12 EdTech territories. Expert in navigating  long-cycle, multi-stakeholder deals and managing complex sales territories. Personally generated $1.5M+ in opportunities and $874K in  revenue across a $20M portfolio. A hands-on leader who combines a builder’s mindset with a data-driven, consultative sales approach to  consistently deliver results."
Summary,"Aspiring Certified Dog Trainer passionate about helping dogs and their owners build strong, positive relationships. After 10+ years in team training and communication coaching, now pursuing a lifelong love of animals and hands-on work that improves lives. Skilled in positive reinforcement, patience, and clear instruction, with a proven background in teaching complex concepts simply. Excited to complete Petco’s Dog Training Instructor Program and contribute to a purpose-driven culture focused on the well-being of pets, people, and our planet."
Summary,"Marketing Operations Specialist with 8+ years of experience building and optimizing email and multi-channel campaigns using tools like HubSpot, Salesforce, and Outreach.io. Skilled in campaign execution, QA, automation workflows, and analytics to ensure operational efficiency and measurable impact. Known for bringing structure to fast-paced environments, collaborating cross-functionally, and improving processes to deliver campaigns that consistently exceed engagement benchmarks."
Summary,"B2B marketing leader with 10+ years of experience designing partner-focused campaigns, sales enablement programs, and  brand engagement strategies across startups, agencies, and SaaS companies, including mid-size EdTech SaaS platforms  (~120 employees; $17M+ revenue) and rapidly scaling agencies (~150 employees; $21M revenue). Skilled in building campaigns  that blend creative storytelling with strategic execution, driving lead generation, onboarding, retention, and loyalty for diverse  audiences. Known for translating complex ideas into clear, approachable messaging that connects with both partners and customers.  Passionate about industries where education, wellness, and community meet, and excited to bring that energy to Leafly’s mission  of reshaping how the world connects with cannabis."
Summary,"Experienced in leading CRM hygiene projects, deploying full-funnel campaigns, producing sales support documentation, and training  cross-functional teams in cadence strategy, platform workflows, and QA best practices. Motivated by efficient systems, thoughtful  communication, and purpose-driven environments where people and platforms thrive together."
Summary,"Creative strategist with 10+ years of experience craing high-impact presentations, content systems, and messaging architectures that move fast and scale well. Known for transforming complex ideas into confident communication, from branded sales decks and custom pitches to full-scale content workflows. Aligns teams, elevates executive messaging, and supports reps with tools that feel sharp, human, and on-brand. Deep expertise in CRM strategy, lifecycle touchpoints, and visual storytelling. Trusted for calm clarity in fast-paced environments and a design-minded approach to every detail."
Summary,"Strategic and performance-driven email marketing specialist with 10+ years of experience leading CRM-driven lifecycle campaigns that drive acquisition, upsell, and retention. Led automation flows across Salesforce and Outreach.io, built segmentation strategies for conversion at scale, and crafted data-informed content across 2,000+ accounts. Known for combining startup scrappiness with bold ideas and relentless iteration, always chasing impact and insight."
Summary,"Product Marketing Manager who turns customer voice into revenue and thrives in collaborative, fast-moving environments."
Summary,"Strategic marketer with 10+ years of experience leading persona-driven campaigns across CRM, paid media, and content ecosystems, including field marketing programs and webinar operations. Skilled in scaling engagement through logic-based lifecycle journeys, Account-Based Marketing (ABM) display, and social platforms. Combines creative strategy with performance analysis to build systems that are thoughtful, measurable, and human-centered. Known for translating cross-functional goals into campaigns that align brand voice with business impact."
Summary,Startup Sales Builder Who Turns Cold Start Into Closed-Won:
Summary,"Sales and marketing communications specialist with 10+ years of experience turning ideas into campaigns that are as thoughtful as they are effective. Blends storytelling and strategy to deliver high-impact B2B content across digital, print, and internal channels. Skilled in marketing strategy, content development, brand voice, and scalable systems thinking. Go-to collaborator with a not-so-secret love of spreadsheets who thrives in fast-paced environments and takes pride in making great work truly effective."
Summary,"Outreach.io Engineer and Salesforce CRM Integration Specialist with 8+ years of hands-on experience designing and optimizing cross-platform workflows, automations, and API-based integrations. Expert in Outreach.io administration and Salesforce architecture, with working familiarity in Python, JavaScript, and SQL for data analysis and process troubleshooting. Skilled in building scalable RevOps systems, enhancing CRM data accuracy, and improving team efficiency through documentation, enablement, and platform strategy. Known for translating business needs into elegant technical solutions that drive adoption and measurable results."
Summary,"Results-driven marketing strategist specializing in CRM lifecycle campaigns, segmentation, and targeted personalization.  Passionate about leveraging data-driven insights, rigorous A/B testing, and cross-functional collaboration to drive engagement,  retention, and customer lifetime value (LTV). Expert in project planning, QA processes, and campaign optimization that maximize  customer engagement. Known for exceptional organizational skills, unmatched attention to detail, and a commitment to analytics and  innovation. Deeply aligned with the beauty industry’s ethos of self-expression, empowering customers through personalized  experiences that foster confidence, community, and brand loyalty."
Summary,First Outbound Employee Ever To Reach $1 Million in Revenue | Treering Yearbooks 2019 2X Top Seller + Best in Hiring Class | Inside Sales Team 2015
Summary,"Strategic and detail-oriented content marketer with 10+ years of experience shaping brand stories, leading cross-functional initiatives, and bringing clarity to complex ideas. Experienced in producing everything from blog posts, case studies, and whitepapers to onboarding materials, email campaigns, and sales enablement decks—balancing audience empathy with performance goals. Skilled in managing content calendars, coordinating subject matter experts, and guiding projects from concept to final delivery. Thrives in fast-moving teams where creativity, systems thinking, and collaboration go hand-in-hand. Brings a calm presence, a builder's mindset, and a genuine love for content that connects and converts."
Summary,"Senior Email Marketing Strategist with 8+ years of outbound campaign experience in building targeted prospect lists and  executing cold email campaigns. Generated significant revenue through high-performing, personalized sequences with industry leading open and reply rates. Proficient in CRM optimization, adept at segmentation, A/B testing, and compliance best practices.  Results-driven and self-organized, consistently exceeding engagement targets."
Summary,"Performance-driven marketing strategist with 10+ years of experience turning ideas into campaigns that are measurable, scalable, and impactful. Skilled in content strategy, SEO, and CRM-based campaigns across digital and internal channels. Excels in building structured lifecycle flows, segmenting audiences, and optimizing content through A/B testing and performance insights. Cross-functional collaborator with a bias for action and a focus on scalable, performance-driven marketing."
Summary,"Creative marketing strategist with 10+ years of experience turning ideas into campaigns that are as thoughtful as they are effective. Blends storytelling, SEO, and structure to deliver high-impact B2B content across digital, social, and internal channels. Skilled in CRM execution, content strategy, brand voice, and scalable systems thinking. A go-to contributor with an inexplicable passion for spreadsheets and storytelling who thrives in fast-paced environments and finds joy in making great work actually work."
Summary,"Creative marketing strategist with 10+ years of experience turning ideas into campaigns that are as thoughtful as they are effective. Combines storytelling, structure, and systems thinking to craft scalable solutions across digital, social, and internal channels. Skilled in CRM execution, content architecture, content strategy, and brand voice. A go-to contributor with an inexplicable passion for spreadsheets and storytelling who thrives in fast-paced environments and finds joy in making great work actually work."
Summary,"Strategic architect of sales enablement ecosystems that transform chaotic workflows into revenue-generating machines. Master of building comprehensive training systems, performance evaluation frameworks, and content libraries that drive measurable  results across technology platforms. Expertise in translating complex operational challenges into scalable solutions—from designing  QA protocols that reduce errors by 50% to creating asset libraries adopted company-wide. Unique ability to calibrate team outputs and  drive consistent excellence, enabling teams to achieve 70%+ close rates while maintaining 10x industry-average campaign performance."
Summary,"Strategic lifecycle marketer with 10+ years of experience designing campaigns that connect deeply, convert consistently, and center the human on the other end. I’ve owned full-funnel messaging across channels, optimized automation workflows, and built segmentation systems that meet people where they are, always with clarity, empathy, and measurable results."
Summary,"Creative marketing consultant with 10+ years of experience crafting people-first campaigns that blend CRM logic with brand voice and visual clarity. I help mission-driven teams scale their message across lifecycle flows, email journeys, and branded content, combining structure, systems, and story to create work that actually connects. With roots in design, copywriting, and campaign strategy, I bring calm focus to fast-moving teams and help build messaging ecosystems that are thoughtful, scalable, and grounded in purpose-driven communication."
Summary,"Marketing Manager with 10+ years of experience leading integrated campaigns, digital strategy, and customer engagement  across startups, agencies, and growth-stage brands, including mid-sized SaaS companies (120 employees, $17M revenue), sales  agencies (150 employees, $21M revenue), and boutique creative firms (up to 50 employees, $1M revenue). Passionate about emerging  industries like cannabis, where creative marketing, education, and community are reshaping traditional markets. Specializes in  developing high-impact digital marketing programs, go-to-market campaigns, and customer engagement initiatives that drive  product adoption, loyalty, and brand growth. Known for blending creative storytelling with data-backed strategy to deliver  measurable results across paid, organic, and experiential channels."
Summary,"Curious, resourceful ABM marketer with 10+ years managing integrated B2B campaigns in SaaS/tech. Designs and executes targeted 1:1 and 1:few programs across email, webinars, digital/social, events, and personalized ads—always mapped to the buyer’s journey. Partners tightly with Sales, Content, and Customer Success to turn account insights into pipeline and keep KPI dashboards honest. At home in fast-moving, mission-driven teams; deep interest in insurance innovation and the future of risk."
Summary,"Lifecycle-focused marketer with 10+ years of experience leading fully integrated campaigns, lifecycle messaging, and CRM-powered outreach. Crafts email journeys and cross-channel programs that are both data-driven and deeply human, blending systems thinking with story-first strategy. Shapes campaign vision, fine-tunes flows, and surfaces insights that have unlocked $3M+ in new pipeline using platforms like Salesforce and Outreach.io. Actively explores AI-driven enhancements, from dynamic content to writing accelerators like ChatGPT, to scale thoughtful personalization without losing clarity or heart. Energized by remote-first, fast-moving teams where clarity, creativity, and collaboration drive real momentum."
Summary,"I’m energized by mission-driven industries, including emerging markets like cannabis where I’m personally passionate about reducing stigma and expanding access. I also thrive in remote environments where I can work independently, stay organized, and lend a steady hand to projects that matter. Known for my clear communication, love of learning, and ability to adapt to whatever the day brings. Looking for a supportive team where I can show up fully, grow steadily, and bring a little extra light to the everyday."
Summary,"Retention marketing strategist with deep expertise in CRM optimization, personalized outreach, and email campaign  development that strengthens customer loyalty and retention. Adept at managing full-cycle campaigns, segmenting audiences,  and leveraging data insights to improve performance across diverse channels. Known for meticulous planning, seamless cross functional collaboration, and a passion for analytics-driven storytelling. Thrives in purpose-driven environments, aligning brand  voice with community impact to inspire action and engagement. Energized by HOKA’s belief that movement is magic—and ready  to help more people take flight."
Summary,"First outbound team member in company history to generate $1M+ in revenue through customer relationship marketing (CRM)  excellence. 8+ years driving 10x industry-average performance through automated lifecycle campaigns (83% open rates, 43% reply  rates). Expert at developing segmentation strategies, cross-functional collaboration, and analytics-driven optimization across 2,900+  subscription-based accounts. Translates customer insights into high-converting email journeys that accelerate retention and growth."
Summary,"Creative Marketing & Growth Leader with 10+ years of experience building brand love across SaaS, EdTech, nonprofit, B2B/B2C, and digital marketing sectors. I bring a storyteller’s touch to every campaign and a builder’s mindset to every process, fusing data, empathy, and creative strategy to drive measurable growth and meaningful connection."
Summary,"Energetic retail associate with 10+ years of experience in customer service and high-volume sales — and a lifelong love of Halloween that goes way beyond October. Skilled in seasonal store setup, costume consultation, and creating those magical shopping moments when someone discovers their perfect transformation. Experienced in loss prevention and inventory flow, with the energy and creativity to help every guest find exactly the right costume, accessory, or piece of décor to make their Halloween vision come to life."
Summary,"An expert in CRM-enabled lifecycle marketing, campaign personalization, and operational optimization, I thrive in fast-paced environments where creative problem-solving and cross-functional collaboration are essential. Energized by mission-driven industries, including wellness and emerging markets like cannabis, where I’m personally passionate about reducing stigma and expanding access."
Summary,"Email and CRM strategist with 9+ years of experience owning lifecycle flows, segmentation strategies, and conversion-focused  content across mission-driven teams and DTC brands. Proven track record developing full-funnel email journeys, driving repeat  engagement, and aligning messaging with both brand values and performance goals. Expert in Salesforce, Outreach.io, and campaign  QA — with a collaborative spirit and a sharp eye for creative execution and cross-functional process improvement."
Summary,"Dog-loving lifecycle marketing specialist with 10+ years of experience crafting retention-focused campaigns that deepen engagement and drive meaningful growth. From my earliest professional roots at the Humane Society of Greater Kansas City to leading $3M+ pipeline optimization at Treering, I've built my career around connecting with audiences who care deeply about the lives they're nurturing. Known for combining data-driven strategy with genuine empathy — the same intuition that draws me to dogs also guides my customer-centric approach to understanding what makes people feel truly seen and valued. I thrive in collaborative, mission-driven environments where every message contributes to a thoughtful, impactful member experience."
Summary,"Strategic marketing leader with 10+ years of experience in lifecycle content, CRM automation, and editorial development. Skilled at building email ecosystems that balance storytelling with scale, including prompt-based workflows, dynamic segmentation, and campaign QA processes. Expert in crafting brand-aligned messaging with a sharp eye for consistency and performance. Known for bringing structure to creative chaos: developing content calendars, auditing pipelines, launching voice alignment initiatives, and uncovering millions in potential pipeline through CRM-driven strategy. Fluent in Salesforce, Outreach.io, and marketing automation tools; confident adopting AI platforms to accelerate campaign quality without compromising clarity or compliance."
Summary,"Retail and customer service professional with 10+ years of experience creating welcoming spaces where families feel at home. Skilled in visual merchandising, guest service, and that particular kind of problem-solving that helps someone find exactly what they didn't know they were looking for. Experienced in apparel styling, inventory flow, and POS systems, with a natural ability to stay efficient while making every interaction feel personal and unhurried."
Summary,First Outbound Employee Ever To Reach $1 Million in Revenue - Treering Yearbooks | 2019 2X Top Seller + Best in Hiring Class - Inside Sales Team | 2015
Summary,"Strategic, detail-obsessed CRM and sales enablement specialist with 9+ years of experience supporting high-growth teams through  more intelligent systems, thoughtful onboarding, and cross-functional collaboration. Adept at bridging communication between  Sales, Marketing, and Ops to improve performance and partner experience. Strong background in Salesforce and Outreach.io, with a  passion for process building, platform QA, and values-driven work, especially in mission-oriented environments. Deeply motivated by  work that helps people (and animals!) thrive through structure and clarity."
Summary,"Brings a rare mix of systems thinking, creative polish, and human-centered instincts, grounded in deep experience across CRM, content strategy, and educator-focused outreach. Recognized for building messaging frameworks, integrating enablement tools, and developing campaign plans that not only drive results but genuinely connect. Whether developing a product launch playbook or mapping nurture flows to audience intent, driven by clarity, resonance, and the magic of making things make sense."
Skill,Analytics: Salesforce (Lightning
Skill,Apparel & Accessories Styling
Skill,Apple & Third-Party Product Knowledge
Skill,Customer Needs Discovery
Skill,Guest Experience Excellence
Skill,Guest Service
Skill,Guest Service Fundamentals
Skill,Inventory Control
Skill,Inventory Flow
Skill,Logistics Coordination
Skill,Merchandising & Visual Displays
Skill,Pos Operations
Skill,Team Collaboration
Skill,Visual Merchandising
Skill,A/B Testing
Skill,Campaign Management
Skill,Copywriting
Skill,Dtc & Retail Marketing - Email Marketing
Skill,Editorial/Feature Writing - Brand Development
Skill,Graphic Design
Skill,Led Initial Creative Direction At Strategy Llc
Skill,Led Treering Yearbook'S Content Committee
Skill,Presentation Deck Creation
Skill,000+ Accounts; Led Coaching
Skill,000+ Prospect Accounts
Skill,01/2011 – 10/2011
Skill,05/2008 – 08/2008
Skill,05/2009 – 05/2010
Skill,05/2010 – 08/2010
Skill,08/2016 – 08/2024
Skill,10/2015 – 08/2016
Skill,2021
Skill,279 Schools Statewide.
Skill,2X Top Seller And Consistent Top 10 Performer
Skill,3. Enablement & Communication: Talk Tracks
Skill,6.
Skill,A/B & Multivariate Testing
Skill,A/B Testing & Optimization
Skill,A/B Testing Frameworks
Skill,A/B Testing Workflow: Content Strategy
Skill,A/B Tests)
Skill,Abm
Skill,Abm Display
Skill,Absorb
Skill,Absorb Lms
Skill,Account Executive (Ae) Handoffs
Skill,Account Selection & Planning
Skill,Account Validation
Skill,Account-Based Marketing (Abm)
Skill,Achieved Company-First Milestone As The Top Sdr
Skill,Acquisition Metrics: Seo
Skill,Active Campaign
Skill,Activecampaign
Skill,Admin-Level Knowledge)
Skill,Adobe Creative Suite
Skill,Adobe (Illustrator
Skill,Adobe Creative Cloud
Skill,Adobe Creative Suite (Illustrator
Skill,Adobe Creative Suite (Indesign
Skill,Adobe Esign
Skill,Adobe Illustrator / Indesign / Photoshop
Skill,Adoption-First Enablement
Skill,Advanced Task Mapping
Skill,Advocacy Signal Tracking
Skill,Ae Collaboration Routines
Skill,Agency Collaboration
Skill,Agency Experience
Skill,Agile Workflows
Skill,Agile Methodologies
Skill,Agile Project Management
Skill,Ai & Content Optimization: Chatgpt
Skill,Ai & Tech: Chatgpt
Skill,Ai & Tech: Drift
Skill,Ai & Writing Tools: Chatgpt
Skill,Ai & Writing Tools: Chatgpt (Prompt Engineering
Skill,Ai & Writing Tools: Chatgpt (Prompting
Skill,Ai & Writing: Chatgpt
Skill,Ai + Productivity: Chatgpt
Skill,Ai Dataset Experience
Skill,Airtable
Skill,Aligning Branded Content Across Signage
Skill,Alpine Iq (Familiar)
Skill,Alumni Engagement
Skill,Analytics
Skill,Analytics & Bi: Sql (Beginner)
Skill,Analytics & Optimization: Campaign Reporting
Skill,Analytics & Optimization: Google Analytics
Skill,Analytics & Performance Optimization: A/B Testing
Skill,Analytics & Performance Tools: Google Analytics
Skill,Analytics & Performance: Campaign Roi Analysis
Skill,Analytics & Performance: Google Analytics
Skill,Analytics & Reporting:
Skill,Analytics & Reporting: Forecast Hygiene
Skill,Analytics & Reporting: Reply Reason Coding
Skill,Analytics Interpretation
Skill,Analytics: Campaign Analytics
Skill,Analytics: Google Analytics
Skill,Analytics: Seo Optimization
Skill,And 1:1 Mentorship.
Skill,And Art Direction.
Skill,And Campaign Deployment.
Skill,And Campaign Development Across Digital
Skill,And Cohesive Presentation Materials.
Skill,And Crm Best Practices.
Skill,And Cross-Team Support.
Skill,And Customer-Facing Channels.
Skill,And Deployment.
Skill,And Direct Response Channels.
Skill,And Events.
Skill,And Experiential Channels.
Skill,And Google Analytics Reporting.
Skill,And Logic-Based Automation
Skill,And One-On-Ones
Skill,And Outreach Templates
Skill,And Outreach.
Skill,And Polished
Skill,And Purpose.
Skill,And Qa
Skill,And Qa Best Practices.
Skill,And Research
Skill,And Social Media
Skill,And Team Training For 20+ Staff.
Skill,And Telecom
Skill,And Web Content To Drive Adoption And Engagement.
Skill,And Web.
Skill,Ap Style (Editing & Proofreading)
Skill,Api Integrations
Skill,Api Troubleshooting And Configuration
Skill,Apparel
Skill,Apparel & Accessories (A&A)
Skill,Asana
Skill,Asana & Workflow Templates
Skill,Asana)
Skill,Asset Libraries
Skill,Asynchronous Collaboration
Skill,Attention To Detail
Skill,Audience Segmentation
Skill,Automated Email Campaigns
Skill,Automated Workflows
Skill,Automated Workflow Configuration
Skill,Automation Logic
Skill,Backroom Organization & Fulfillment
Skill,Balancing Technical Complexity With Clear
Skill,Basic Scripting (Java
Skill,Basic Sql (Queries For Reporting)
Skill,Basic Video
Skill,Basic Video Editing
Skill,Battlecard Creation
Skill,Behavioral Trigger Setup
Skill,Behavioral Triggers
Skill,Blending Email
Skill,Book-To-Show/Show-To-Sql Tracking
Skill,Brand Activations & Promotional Materials
Skill,Brand Consistency
Skill,Brand Development
Skill,Brand Development & Visual Identity:
Skill,Brand Guidelines
Skill,Brand Identity
Skill,Brand Messaging
Skill,Brand Strategy
Skill,Brand Voice
Skill,Brand Voice & Messaging:
Skill,Brand Voice + Tone
Skill,Brand Voice Development
Skill,Btl/B2B/Btc Sales
Skill,Budget Tracking
Skill,Buffalo
Skill,Building Audiences
Skill,Building Confidence In Others
Skill,Built Advanced Crm Workflows With Segmentation
Skill,Buyer Committee Mapping
Skill,Cadence Architecture
Skill,Cadences
Skill,Calendly (Scheduling)
Skill,Call Coaching
Skill,Callahan Creek (Now Barkley)
Skill,Calm Under Pressure
Skill,Campaign Documentation
Skill,Campaign Optimization
Skill,Campaign & Content Strategy
Skill,Campaign & Media: Meta Ads
Skill,Campaign & Messaging Platforms: Salesforce
Skill,Campaign Analysis
Skill,Campaign Briefs
Skill,Campaign Calendar Planning
Skill,Campaign Calendars
Skill,Campaign Coordination
Skill,Campaign Dashboards
Skill,Campaign Design
Skill,Campaign Development: Template Optimization
Skill,Campaign Execution
Skill,Campaign Messaging
Skill,Campaign Metrics
Skill,Campaign Optimization & Reporting
Skill,Campaign Performance Dashboards
Skill,Campaign Performance Analysis
Skill,Campaign Performance Reporting
Skill,Campaign Qa
Skill,Campaign Qa & Testing
Skill,Campaign Roi
Skill,Campaign Roi Analysis
Skill,Campaign Roi Sketching
Skill,Campaign Strategy
Skill,Campaign Strategy & Content Creation:
Skill,Campaigns
Skill,Can-Spam/Gdpr Compliance
Skill,Canva
Skill,Canva + Familiar With: Wordpress
Skill,Career Note: After A Fulfilling Run At Treering
Skill,Carlson Hotels
Skill,Case Studies
Skill,Case Studies & Whitepapers
Skill,Cash Handling
Skill,Cash Handling & Reconciliation
Skill,Certifications & Professional Development
Skill,Change Management
Skill,Chatgpt
Skill,Chatgpt/Claude
Skill,Chorus.Ai (Familiar)
Skill,Churn Prevention
Skill,Churn Reduction
Skill,Clarity
Skill,Claude
Skill,Claude) For Draft Copy
Skill,Client Communication
Skill,Client-Ready Creative Work.
Skill,Clients: Hill'S Pet Nutrition
Skill,Clients: Sap
Skill,Clients: Treering Yearbooks
Skill,Close Planning
Skill,Cms Builders (Wix
Skill,Cms Editing
Skill,Cms Editors
Skill,Cms Editors (Html
Skill,Cms Integration
Skill,Cms Platforms (Wordpress
Skill,Cms/Wysiwyg
Skill,Cms/Wysiwyg Builders
Skill,Cms/Wysiwyg Editing
Skill,Cms/Wysiwyg Editors
Skill,Coaching And Mentorship
Skill,Cohort & Engagement Reporting
Skill,Cohort Analysis
Skill,Cohort Reporting
Skill,Cohort/Segmentation
Skill,Cold Call Blocks
Skill,Cold Calling
Skill,Cold Email
Skill,Cold Email Campaigns
Skill,Cold)
Skill,Collaborated With Agency Leadership
Skill,Collaboration
Skill,Collaboration & Project Management:
Skill,Collaboration & Project Management: Slack
Skill,Collaboration & Strategy: G-Suite (Google Docs
Skill,Color Coordination
Skill,Comfortable With New Platforms
Skill,Communication
Skill,Communication Under Pressure
Skill,Community Engagement
Skill,Communityamerica
Skill,Competitive Analysis
Skill,Competitive Benchmarking
Skill,Competitive Insights
Skill,Competitive Intelligence
Skill,Complaint Resolution
Skill,Compliance (Can-Spam/Gdpr)
Skill,Compliance-Smart Copy
Skill,Conditional Formatting
Skill,Conditional Logic Frameworks
Skill,Confident Writing (Explains Complex Ideas Simply)
Skill,Confidentiality & Accuracy
Skill,Constant Contact
Skill,Consultative Selling
Skill,Content & Communication: Clear
Skill,Content & Creative: Content Strategy
Skill,Content & Enablement: Content Strategy
Skill,Content & Enablement: Sales Enablement Content
Skill,Content & Storytelling: White Papers
Skill,Content & Workflow: Content Strategy
Skill,Content + Messaging:
Skill,Content Auditing
Skill,Content Committee Leadership
Skill,Content Dashboards
Skill,Content Management
Skill,Content Management Systems
Skill,Content Marketing Strategy
Skill,Content Marketing: Editorial Calendars
Skill,Content Performance
Skill,Content Performance Analysis
Skill,Content Review Guidelines
Skill,Content Strategy
Skill,Content Syndication
Skill,Content Tagging Systems
Skill,Content Tools: Adobe Creative Suite (Illustrator
Skill,Content: Copywriting
Skill,Contributed To Creative Brainstorms
Skill,Conversion Copy
Skill,Conversion Funnels
Skill,Conversion Metrics
Skill,Conversion Optimization
Skill,Conversion Rate Monitoring
Skill,Conversion Tracking
Skill,Copy & Design Feedback
Skill,Copy Editing And Proofreading
Skill,Copy Editing/Proofreading
Skill,Copy/Design Feedback
Skill,Copywriting (Short + Long Form)
Skill,Copywriting Intern (Agency/Digital/Brand)
Skill,Covering Audience Segmentation
Skill,Created Branded Sales And Marketing Collateral
Skill,Creative & Collaboration: Brand Messaging
Skill,Creative & Communication: Copywriting
Skill,Creative & Content Tools: Adobe Indesign
Skill,Creative & Content: Adobe Indesign
Skill,Creative & Design: Adobe Illustrator
Skill,Creative & Technical:
Skill,Creative & Technical: Creative Brief Writing
Skill,Creative & Technical: Html/Css (Basic)
Skill,Creative And Communication: Storytelling
Skill,Creative And Digital Tools: Adobe Creative Suite
Skill,Creative Brief Development
Skill,Creative Brief Development Work Experience
Skill,Creative Briefs
Skill,Creative Collaboration
Skill,Creative Direction Collaboration
Skill,Creative Tools: Adobe Creative Suite (Illustrator
Skill,Creative Writing
Skill,Creative: Adobe Creative Suite
Skill,Creative: Adobe Creative Suite (Illustrator
Skill,Creative: Adobe Creative Suite (Indesign
Skill,Creative: Adobe Illustrator
Skill,Creative: Adobe Illustrator/Photoshop/Indesign
Skill,Creative: Campaign Messaging
Skill,Creative: Layout
Skill,Crm
Skill,Crm Data Integration
Skill,Crm & Analytics: Salesforce
Skill,Crm & Digital Marketing: Salesforce
Skill,Crm & Email Marketing: Lifecycle Campaigns
Skill,Crm & Email Platforms: Hubspot
Skill,Crm & Email Platforms: Salesforce
Skill,Crm & Email Strategy: Salesforce
Skill,Crm & Email: Salesforce
Skill,Crm & Email: Salesforce (Classic & Lightning)
Skill,Crm & Email: Salesforce Lightning
Skill,Crm & Esps: Salesforce (Classic & Lightning)
Skill,Crm & Lifecycle Strategy: Salesforce (Advanced)
Skill,Crm & Lifecycle: Salesforce (Classic & Lightning)
Skill,Crm & Marketing Automation: Salesforce (Advanced)
Skill,Crm & Marketing Technology: Salesforce (Advanced)
Skill,Crm & Martech: Salesforce (Expert
Skill,Crm & Multichannel: Salesforce
Skill,Crm & Platforms: Salesforce
Skill,Crm & Sales Tech: Salesforce (Expert)
Skill,Crm & Sales Technology: Salesforce
Skill,Crm & Sales Technology: Salesforce (Expert)
Skill,Crm & Sales Tools: Salesforce (Lightning
Skill,Crm & Sales Tools: Salesforce (Stages
Skill,Crm & Sales: Salesforce
Skill,Crm And Analytics: Salesforce
Skill,Crm Data Analysis
Skill,Crm Data Hygiene
Skill,Crm Hygiene
Skill,Crm Integration
Skill,Crm Logic
Skill,Crm Management
Skill,Crm Personalization
Skill,Crm Reporting
Skill,Crm Strategy
Skill,Crm Sync Optimization
Skill,Cross-Channel Campaigns
Skill,Cross-Channel Marketing
Skill,Cross-Device Optimization
Skill,Cross-Device Testing
Skill,Cross-Functional Alignment
Skill,Cross-Functional Campaign Planning
Skill,Cross-Functional Collaboration
Skill,Cross-Functional Communication
Skill,Cross-Functional Content Alignment
Skill,Cross-Functional Stakeholder Management
Skill,Cross-Functional Team Alignment
Skill,Cross-Platform Attribution
Skill,Cross-Platform Crm Automation
Skill,Cross-Platform Reporting
Skill,Cross-Selling & Upselling
Skill,Cross-Team Support
Skill,Crowdfunding Strategies
Skill,Cultureamp
Skill,Curious And Resourceful
Skill,Custom Field Mappings
Skill,Customer Engagement Tactics
Skill,Customer Feedback Loops
Skill,Customer Feedback Synthesis
Skill,Customer Insight
Skill,Customer Journey Mapping
Skill,Customer Marketing
Skill,Customer Proof Activation
Skill,Customer Reactivation
Skill,Customer Segmentation
Skill,Customer Service Excellence
Skill,Customer.Io
Skill,Daily Huddles
Skill,Dark Mode Testing
Skill,Dashboard Creation & Interpretation
Skill,Dashboard Interpretation
Skill,Dashboards
Skill,Data Governance & Hygiene
Skill,Data Analysis
Skill,Data Hygiene
Skill,Data Hygiene And Validation
Skill,Data Integration
Skill,Data Loader Operations
Skill,Data Transformation Logic
Skill,Data Visualization
Skill,Data Visualization (Google Sheets
Skill,Data Workflow Optimization
Skill,Data-Driven
Skill,Data-Driven Insights
Skill,Data-Driven Marketing/Analytics
Skill,Data-Driven Sales
Skill,Data-Driven Strategy
Skill,Database Concepts
Skill,Database Query Optimization
Skill,Dave Ramsey
Skill,Deal Strategy Planning
Skill,Debugging And Troubleshooting
Skill,Dei & Inclusive Messaging
Skill,Dei Advocacy
Skill,Dei Initiatives
Skill,Deliverability Optimization
Skill,Delivering All-Team Meetings
Skill,Demand Generation
Skill,Dependable & Punctual
Skill,Design Tools: Adobe Creative Suite (Photoshop
Skill,Designed Apparel
Skill,Designers
Skill,Development Operations
Skill,Digital
Skill,Digital & Analytics: Salesforce
Skill,Digital Ads
Skill,Digital And Analytics: Salesforce
Skill,Digital Marketing
Skill,Digital Marketing & Performance Optimization:
Skill,Digital Strategy
Skill,Direct Mail
Skill,Discovery & Demos
Skill,Discovery Call Setup
Skill,Discovery Preparation
Skill,Distraction-Free Setup
Skill,Documentation
Skill,Drafting
Skill,Dri
Skill,Drift
Skill,Drip
Skill,Drip & Nurture Campaigns
Skill,Drip Campaigns
Skill,Drip Sequences
Skill,Drive)
Skill,Driving Cross-Sell And Upsell Opportunities.
Skill,Dtc Strategy
Skill,Duplicate Cleanup
Skill,Dutchie - Familiar)
Skill,Dynamic Content
Skill,Dynamic Content Personalization
Skill,Dynamic Personalization
Skill,Ecosystem Fluency
Skill,Editing & Proofreading
Skill,Editing & Review
Skill,Editing)
Skill,Editorial
Skill,Editorial Calendars
Skill,Editorial Judgment
Skill,Editorial Qa
Skill,Editorial Strategy
Skill,Educational Access Initiatives
Skill,Educator Feedback Loops
Skill,Educator Needs Analysis
Skill,Element 8 + Strategy
Skill,Eloqua (Learning)
Skill,Eloqua (Quick Learner)
Skill,Email
Skill,Email & Crm Automation
Skill,Email & Sms Template Design
Skill,Email Analytics
Skill,Email And Sms Campaigns
Skill,Email Automation
Skill,Email Calendar Management
Skill,Email Calendar Planning
Skill,Email Campaigns
Skill,Email Deliverability & Compliance
Skill,Email Design & Structure
Skill,Email Journeys
Skill,Email Marketing
Skill,Email Marketing (Lifecycle
Skill,Email Performance Audits
Skill,Email Performance Dashboards
Skill,Email Template Design
Skill,Empathy & Active Listening
Skill,Enablement
Skill,Enablement & Communication: Talk Tracks
Skill,Enablement & Ops: Cadence Architecture
Skill,Enablement & Ops: Evaluation Kits
Skill,Enablement & Ops: Objection Libraries
Skill,Enablement Materials
Skill,Enablement Training
Skill,Energy & Enthusiasm
Skill,Engagement & Performance: A/B Testing
Skill,Engagement Metrics
Skill,Engagement Scoring
Skill,Engaging Brand Messaging.
Skill,Enterprise Esp Platforms
Skill,Enterprise Esps
Skill,Equinix
Skill,Esp Strategy
Skill,Esps
Skill,Etc.)
Skill,Etl Processes
Skill,Event Upload Process Support
Skill,Events
Skill,Excel
Skill,Excel (Advanced Functions
Skill,Excel)
Skill,Excel/Google Sheets Data Analysis
Skill,Executive Communication
Skill,Executive Decks
Skill,Executive Presentations
Skill,Executive Reporting
Skill,Executive Summaries
Skill,Expansion Strategy
Skill,Facebook
Skill,Facebook Ads
Skill,Family-Focused Service
Skill,Fast-Tracked To Team Lead Within Six Months
Skill,Field Marketing
Skill,Field Marketing Programs
Skill,Figma
Skill,Figma (Basic)
Skill,Figma (Basic) Writing & Ai Tools: Chatgpt
Skill,Figma (Collaborative Use)
Skill,Figma Marketing: Google Analytics
Skill,Fitting Room Engagement
Skill,Flexible Scheduling (Nights/Weekends)
Skill,Flyers
Skill,Forecast Discipline
Skill,Forecast Views)
Skill,Free State Brewery
Skill,Friendly & Clear Client Communication
Skill,Full-Funnel Campaigns
Skill,Fundraising Technology
Skill,Funnel Analysis
Skill,Funnel Optimization
Skill,Funnel Reporting
Skill,Funnel Stages
Skill,Funnel Strategy
Skill,Funnel-Aligned Content
Skill,G Suite (Docs
Skill,Gatorade
Skill,Gemini
Skill,Gemini)
Skill,Generative Ai (Chatgpt
Skill,Go-To-Market
Skill,Go-To-Market (Gtm) Strategy
Skill,Go-To-Market Campaigns
Skill,Go-To-Market Strategy
Skill,Gong (Familiar)
Skill,Goodle Ads
Skill,Google Ads
Skill,Google Analytics
Skill,Google Analytics/Ads
Skill,Google Gemini
Skill,Google Sheets
Skill,Google Sheets (Automation
Skill,Google Sheets/Excel
Skill,Google Slides
Skill,Google Slides/Docs/Sheets
Skill,Google Workspace
Skill,Google Workspace (Docs
Skill,Google Workspace (Docs/Sheets/Slides)
Skill,Grammarly
Skill,Graphic Design & Visual Communication:
Skill,Graphic Design: Adobe Illustrator
Skill,Group Facilitation
Skill,Growth & Digital Marketing: Full-Funnel Strategy
Skill,Growth Marketing
Skill,Gtm Experimentation
Skill,Handoff Slas
Skill,High-Trust
Skill,High-Volume Transaction Management
Skill,Highspot (Familiar)
Skill,Housekeeping & Store Readiness
Skill,Html (Basic)
Skill,Html Editing
Skill,Html/Css
Skill,Html/Css (Basic)
Skill,Html/Css Editing
Skill,Html/Java (Basic)
Skill,Html/Web Editing
Skill,Html/Web Editing (Basic)
Skill,Hubspot
Skill,Hubspot (Basic)
Skill,Hughesnet
Skill,Humanize Outreach
Skill,Hygiene Dashboards
Skill,Hygiene Dashboards)
Skill,Icp Definition
Skill,Illustrator
Skill,Illustrator)
Skill,Improving Conversion And Customer Retention.
Skill,In-App Messaging
Skill,Including A Pilot Program For Adobe Esign.
Skill,Including Client-Facing Decks
Skill,Including Web Graphics
Skill,Inclusive Messaging (Dei)
Skill,Inclusive Service
Skill,Inclusive Shopping Support
Skill,Increase Visibility
Skill,Increasing Open Rates By Up To 25%.
Skill,Incremental Ltv Growth
Skill,Indesign
Skill,Indesign)
Skill,Industry Focus: Cannabis Industry Research
Skill,Inside Sales Team (Now Alleyoop)
Skill,Insights & Research: Campaign Analysis
Skill,Insights & Research: Segmentation
Skill,Insights Synthesis
Skill,Instagram
Skill,Institutional Advancement
Skill,Integrated Campaign Orchestration
Skill,Integrated Campaigns (Email
Skill,Integration Troubleshooting
Skill,Intent Data Platforms (Familiar)
Skill,Intent Signals
Skill,Internal Communications
Skill,Internal Documentation
Skill,Internal Messaging
Skill,Internal Reviews
Skill,Internal Training & Mentorship
Skill,Internal Training & Enablement
Skill,Iterable (Familiar)
Skill,Iterable (In Progress)
Skill,Iterable (Quick Learner)
Skill,Iteration)
Skill,Iterative Optimization)
Skill,Iwork
Skill,Iwork (Pages
Skill,Iwork Pages/Numbers/Keynote
Skill,Jasper
Skill,Jasper Ai
Skill,Java (Basic)
Skill,Javascript
Skill,Javascript (Learning)
Skill,Journalism
Skill,Journey Mapping
Skill,Kansas City
Skill,Kc Ad Club
Skill,Keynote)
Skill,Keyword Research
Skill,Klaviyo
Skill,Klaviyo (Learning)
Skill,Klaviyo (Familiar)
Skill,Kpi Dashboards
Skill,Kpi Reporting
Skill,Ks
Skill,Landing Pages
Skill,Large-Scale Content Review
Skill,Latex
Skill,Latex)
Skill,Launch Planning
Skill,Lawrence
Skill,Lead Generation
Skill,Lead Lifecycle Stages
Skill,Lead Management & Routing
Skill,Lead Nurture Flows
Skill,Lead Nurturing Outreach: Relationship Building
Skill,Lead Pipeline Tracking
Skill,Lead Progression (Sal→Sql)
Skill,Lead Qualification
Skill,Lead Scoring
Skill,Lead Scoring & Segmentation
Skill,Lead Scoring Platforms
Skill,Lead/Revenue Generation
Skill,Leadership And Enablement: Team Building
Skill,Leadership: Team Building
Skill,Leandata (Familiar)
Skill,Learning & Adaptability: Fast Learner
Skill,Learning & Development Strategy
Skill,Lenexa
Skill,Lifecycle & Crm Strategy: Email & Sms Campaigns
Skill,Lifecycle & Engagement: Segmentation
Skill,Lifecycle Automation
Skill,Lifecycle Campaign Orchestration
Skill,Lifecycle Communications
Skill,Lifecycle Communications Strategy
Skill,Lifecycle Conversion Optimization
Skill,Lifecycle Flows
Skill,Lifecycle Journeys
Skill,Lifecycle Mapping
Skill,Lifecycle Marketing
Skill,Lifecycle Marketing & Crm Platforms
Skill,Lifecycle Marketing & Crm Strategy
Skill,Lifecycle Marketing Programs
Skill,Lifecycle Marketing: Journey Design
Skill,Lifecycle Marketing: Journey Mapping
Skill,Lifecycle Marketing: Segmentation
Skill,Lifecycle Strategy
Skill,Linkedin
Skill,Linkedin Ads
Skill,Linkedin Sales Navigator
Skill,List Hygiene
Skill,List Building
Skill,List Management
Skill,Live Event Marketing
Skill,Live Reviews
Skill,Llc
Skill,Local Availability (Williamsville
Skill,Logic-Based Flows
Skill,Long-Cycle Deal Strategy
Skill,Lookups)
Skill,Loom
Skill,Loss Prevention Awareness
Skill,Low-Ego
Skill,Loyalty & Retention Campaigns
Skill,Loyalty Program Support
Skill,Macros
Skill,Mailchimp
Skill,Maintained Crm Workflows
Skill,Managed A Remote Team Of 4–6 While Overseeing 2
Skill,Managing A 12-Person Team Through Coaching
Skill,Managing Cms Updates
Skill,Market Analysis
Skill,Market Research
Skill,Market Segmentation
Skill,Marketing
Skill,Marketing & Engagement: Google Analytics
Skill,Marketing Attribution
Skill,Marketing Automation & Crm Platforms: Salesforce
Skill,Marketing Automation & Crm:
Skill,Marketing Automation & Crm: Salesforce (Advanced)
Skill,Marketing Automation & Tools: Salesforce
Skill,Marketing Automation (Mailchimp
Skill,Marketing Automation Platforms
Skill,Marketing Automation Platforms (Mailchimp
Skill,Marketing Automation Workflows
Skill,Marketing Collateral
Skill,Marketing Operations & Campaign Execution:
Skill,Marketing Operations: Salesforce
Skill,Marketing Ops Documentation
Skill,Marketing Strategy
Skill,Marketing Strategy + Research:
Skill,Marketing Strategy: Brand Strategy
Skill,Marketing Strategy: Lifecycle Marketing
Skill,Marketing Tools: Google Analytics
Skill,Marketing: Google Analytics
Skill,Marketo (Familiar)
Skill,Marketplace Trend Analysis
Skill,Martech Integrations
Skill,Meddic
Skill,Meeting Facilitation
Skill,Meeting Notes & Summaries
Skill,Meeting Summaries
Skill,Meeting/Sql Quota Attainment
Skill,Mentorship
Skill,Message Hierarchy
Skill,Messaging
Skill,Messaging & Content: Brand Voice Development
Skill,Messaging & Content: Internal Communications
Skill,Messaging & Copy: Outcome-Led Narratives
Skill,Messaging & Copy: Personalization At Scale
Skill,Messaging & Copy: Value-First Openers
Skill,Messaging: Campaign Copywriting
Skill,Meta Ads
Skill,Meta Business Suite
Skill,Micro-Promised Ctas
Skill,Microso Office
Skill,Microso Office (Excel
Skill,Microso Word (Advanced Formatting)
Skill,Microsoft Excel
Skill,Microsoft Office
Skill,Microsoft Office (Word
Skill,Microsoft Office Suite
Skill,Microsoft Word (Advanced Formatting)
Skill,Microsoft Word/Powerpoint/Excel
Skill,Mo
Skill,Mobile-Responsive Design
Skill,Moveable Ink (Familiar)
Skill,Ms Excel
Skill,Multi-School Campaigns
Skill,Multi-Stakeholder Deal Management
Skill,Multi-Threading
Skill,Multi-Threading (Smb–Mm)
Skill,Multichannel Campaigns
Skill,Multitasking
Skill,Multithreading
Skill,Multivariate Testing
Skill,Needs Assessment Conversations
Skill,Newsletters
Skill,Notion
Skill,Notion (Knowledge Base)
Skill,Numbers
Skill,Ny
Skill,Ny)
Skill,Objection Handling
Skill,Objection Library
Skill,Office: Microsoft Office (Word
Skill,Omnichannel Engagement
Skill,Onboarding Materials
Skill,Onboarding Series
Skill,One-On-One Coaching
Skill,Open To Feedback
Skill,Open/Click/Conversion Analysis
Skill,Open/Click/Conversion Tracking
Skill,Ops & Enablement: Messaging Playbooks
Skill,Organization: Google Calendar
Skill,Outbound & Pipeline: Ideal Customer Profile (Icp)
Skill,Outbound Prospecting
Skill,Outdoor Displays + Signage
Skill,Outdoor Displays And Signage
Skill,Outreach
Skill,Outreach (Implementation
Skill,Outreach (Persona Programs)
Skill,Outreach (Sequencer
Skill,Outreach (Sequences
Skill,Outreach Efforts
Skill,Outreach Meetings (Scheduler)
Skill,Outreach.Io
Skill,Outreach.Io (Expert)
Skill,Overseeing Execution From Concept To Delivery.
Skill,Owning Campaign Planning
Skill,Paid Media
Skill,Paid Media Strategy
Skill,Partner Marketing
Skill,Patience & Clear Communication
Skill,Pattern Interrupts
Skill,Peer-To-Peer Fundraising
Skill,Performance Dashboards
Skill,Performance Analysis
Skill,Performance Analysis & Coaching
Skill,Performance Dashboard Creation
Skill,Performance Evaluation & Coaching
Skill,Performance Metrics
Skill,Persist
Skill,Persistiq
Skill,Person Accounts)
Skill,Persona Development
Skill,Persona Development Ai & Writing Tools: Chatgpt
Skill,Persona Development Ai & Writing: Chatgpt
Skill,Persona Messaging
Skill,Persona Targeting
Skill,Persona-Based Proof Mapping
Skill,Personalization
Skill,Personalization At Scale
Skill,Personalization Strategy
Skill,Personalization Tools
Skill,Personalized Ads)
Skill,Personalized Solutions
Skill,Personalized Style Recommendations
Skill,Personalized Video (Vidyard)
Skill,Personas
Skill,Pet Nutrition
Skill,Photoshop
Skill,Photoshop)
Skill,Physical Capability
Skill,Pilot/Poc Design
Skill,Pipeline & Engagement Analytics
Skill,Pipeline & Lead Generation
Skill,Pipeline Acceleration
Skill,Pipeline Cleanliness
Skill,Pipeline Coverage
Skill,Pipeline Coverage Modeling
Skill,Pipeline Forecasting Tools
Skill,Pipeline Management
Skill,Pipeline Management & Forecasting
Skill,Pitch Deck Design
Skill,Pivot Tables)
Skill,Planned And Executed Full-Funnel Campaigns
Skill,Planograms & Signage Execution
Skill,Platform Adoption
Skill,Platform Governance
Skill,Platform Optimized Assets
Skill,Platform Training And Adoption
Skill,Platforms & Productivity: Salesforce
Skill,Playbooks
Skill,Powerpoint
Skill,Powerpoint)
Skill,Premiere Pro (Basic)
Skill,Presentation & Slide Decks
Skill,Presentation Decks
Skill,Presentation Design
Skill,Presentation Development
Skill,Presented Design Rationale To Stakeholders
Skill,Press & Media Materials
Skill,Press Releases
Skill,Print
Skill,Print + Digital Collateral
Skill,Print And Digital Collateral
Skill,Problem-Solving & Troubleshooting
Skill,Process Optimization
Skill,Process Documentation
Skill,Processes
Skill,Procurement Navigation
Skill,Product
Skill,Product Descriptions
Skill,Product Documentation
Skill,Product Marketing: Go-To-Market (Gtm) Strategy
Skill,Product Marketing: Go-To-Market Strategy
Skill,Product Positioning
Skill,Product Positioning & Messaging
Skill,Product-Sales Alignment
Skill,Productivity: Google Workspace
Skill,Productivity: Google Workspace (Docs
Skill,Productivity: Microso Office
Skill,Productivity: Microsoft Office
Skill,Project & Collaboration: Workflow Optimization
Skill,Project And Process Management: Asana (Familiar)
Skill,Project Coordination
Skill,Project Management
Skill,Project Management (Trello
Skill,Project Timelines & Milestones
Skill,Promotional Signage
Skill,Promotional Strategy
Skill,Prompt Engineering
Skill,Prompt Writing
Skill,Proofreading
Skill,Proposal & Contract Development
Skill,Pta Council Partnerships
Skill,Public Health
Skill,Python
Skill,Python (Basic)
Skill,Python (Learning)
Skill,Qa
Skill,Qa & Documentation
Skill,Qa Process Development
Skill,Qa Processes
Skill,Qa Systems
Skill,Quality Assurance
Skill,Quality Assurance Protocol Development
Skill,Quality Control Systems
Skill,Quickbooks
Skill,Quota Achievement
Skill,Quota Management
Skill,Ramp Acceleration (~30%)
Skill,Re-Engagement Campaigns
Skill,Re-Engagement Strategies
Skill,Reactivation Campaigns
Skill,Recognized By Creative Directors For Adaptability
Skill,Reference Architecture One-Pagers
Skill,Reference Routing
Skill,Regulatory Tracking
Skill,Reliability & Consistency
Skill,Remote
Skill,Remote Team Leadership
Skill,Report & Pitch Deck Design
Skill,Reporting
Skill,Reporting & Dashboards
Skill,Reporting & Insights
Skill,Reporting And Dashboards
Skill,Reporting Dashboards
Skill,Reporting)
Skill,Research & Analytics
Skill,Research Skills
Skill,Research-Oriented
Skill,Responsive Design
Skill,Retention & Loyalty Programs
Skill,Retention & Winback Strategies
Skill,Retention Metrics
Skill,Retention Strategy
Skill,Retention Tactics
Skill,Revenue Operations
Skill,Revenue Operations: Gtm Strategy
Skill,Reviews
Skill,Revops Stack Integrations
Skill,Roi Analysis
Skill,Roi Baselines
Skill,Saas Product Marketing
Skill,Sales & Marketing Alignment
Skill,Sales & Pipeline: Enterprise Discovery
Skill,Sales & Pipeline: High-Volume Outbound
Skill,Sales & Revenue Growth
Skill,Sales & Revenue Operations: B2B Marketing
Skill,Sales & Support Collaboration
Skill,Sales And Revenue Operations: B2B Marketing
Skill,Sales And Revenue Operations: B2B Saas Sales
Skill,Sales Collateral
Skill,Sales Enablement
Skill,Sales Enablement Platforms
Skill,Sales Enablement Tools
Skill,Sales Enablement: Sales Playbooks
Skill,Sales Forecasting
Skill,Sales Methodology (Challenger
Skill,Sales Methodology Implementation (Challenger
Skill,Sales Process Development
Skill,Sales Reporting & Dashboards
Skill,Sales Support
Skill,Sales Technology And Crm: Salesforce (Advanced)
Skill,Sales Training & Onboarding
Skill,Sales-Marketing Alignment
Skill,Salesforce
Skill,Salesforce (Advanced)
Skill,Salesforce Dashboards
Skill,Salesforce Marketing Cloud
Skill,Salesforce Marketing Cloud (Familiar)
Skill,Script Writing
Skill,Security/Compliance Q&A Packs
Skill,Segment-Based Campaigns
Skill,Segmentation
Skill,Segmentation Strategy
Skill,Segmentation/Personalization
Skill,Seismic (Familiar)
Skill,Self-Directed
Skill,Send Time Optimization
Skill,Seo
Skill,Seo & Analytics: Seo
Skill,Seo & Performance: Seo Strategy
Skill,Seo Best Practices
Skill,Seo Copywriting
Skill,Seo Optimization
Skill,Sequence Governance
Skill,Sequence Management
Skill,Sequence Performance Reporting
Skill,Shared Responsibility
Skill,Sheets
Skill,Shipping/Receiving
Skill,Signage
Skill,Size & Fit Guidance
Skill,Slack
Skill,Slide Deck Design
Skill,Slide Decks
Skill,Slides
Skill,Slides)
Skill,Slides) Management: Cultureamp
Skill,Small-Group Sessions
Skill,Sms Campaigns
Skill,Sms Customer Communication
Skill,Sms Strategy
Skill,Sms/Push Notification Platforms
Skill,Social
Skill,Social & Digital Platforms: Facebook
Skill,Social Channel Branding
Skill,Social Content
Skill,Social Content Design Outreach: Tout
Skill,Social Media
Skill,Social Media Campaigns
Skill,Social Messaging
Skill,Social Selling
Skill,Social Touches
Skill,Soql Logic
Skill,Spanning Digital
Skill,Spearheaded A Crm Data Overhaul
Skill,Sprint
Skill,Sql
Skill,Sql (Working Familiarity)
Skill,Stage Conversion
Skill,Stage Conversion Dashboards
Skill,Stakeholder Approvals
Skill,Stakeholder Communication
Skill,Stakeholder Coordination
Skill,Stakeholder Engagement
Skill,Stakeholder Feedback
Skill,Stakeholder Management
Skill,Stakeholder Relationship Management
Skill,Startup And Enterprise Environments
Skill,State-By-State Regulatory Tracking
Skill,Statistical Analysis
Skill,Stensul (Familiar)
Skill,Stock Replenishment
Skill,Stocking & Restocking
Skill,Storytelling
Skill,Storytelling Frameworks
Skill,Strategic Communication: Value-Based Selling
Skill,Strategic Engagement: Administrative Mapping
Skill,Strategic Marketing: Audience Segmentation
Skill,Strategic Messaging
Skill,Subject Line Ideation
Skill,Subject Line Testing
Skill,Subscription Management
Skill,Success Criteria & Exit Plans
Skill,Supported Integrated Digital And Print Campaigns
Skill,Supporting High-Profile Brands.
Skill,Supporting Tools: Google Workspace (Docs
Skill,Survey Design & Analysis
Skill,System Prompting
Skill,Tableau (Familiar)
Skill,Task Tracking
Skill,Teaching Complex Concepts
Skill,Team Building
Skill,Team Training
Skill,Team Training & Mentoring
Skill,Team-Based Prospecting Programs
Skill,Tech-Savvy
Skill,Technical & Creative Tools: Html/Css (Basic)
Skill,Technical Email Template Development
Skill,Technical Proficiency: Python
Skill,Technical Requirement Documentation
Skill,Technical Skills: Html/Css (Self-Taught)
Skill,Technical Troubleshooting
Skill,Technical-To-Business Translation
Skill,Technical: Html/Css/Java (Learning)
Skill,Technology & Analytics: Salesforce (Expert)
Skill,Territory Design
Skill,Territory Management
Skill,Territory Planning
Skill,Test & Learn Strategy
Skill,Test-And-Learn Frameworks
Skill,Testimonial Capture
Skill,Testing
Skill,The Children'S Place
Skill,Thnks
Skill,Thought Leadership
Skill,Thrived Under Tight Deadlines And Fast-Paced
Skill,Tiered Launch Support
Skill,Time Management
Skill,Timesheets
Skill,To Support Campaigns
Skill,Tools
Skill,Total Addressable Market (Tam)
Skill,Tout
Skill,Toutapp
Skill,Trade Show & Event Planning
Skill,Training
Skill,Training & Qa
Skill,Training & Resource Development
Skill,Training & Support
Skill,Training & Task Prioritization
Skill,Training Materials
Skill,Training System Design
Skill,Training Workshop Development
Skill,Treering Yearbooks
Skill,Trello
Skill,Trigger-Based Campaigns
Skill,Trinet
Skill,Twitter/X
Skill,Typographic Sensibility
Skill,Typography
Skill,Upselling & Cross-Selling
Skill,Use Cases
Skill,User Feedback Synthesis
Skill,User Interview Synthesis
Skill,User Journeys
Skill,Utm Tracking
Skill,Uv Coating) And Adobe Creative Suite.
Skill,Ux Writing
Skill,Value Proposition Development
Skill,Value Proposition Copy
Skill,Value Selling)
Skill,Value-First Openers
Skill,Variable Coding
Skill,Variable Formatting
Skill,Variable Statements
Skill,Variables
Skill,Vendor Communication
Skill,Vendor Coordination
Skill,Vendor Management
Skill,Video Editing
Skill,Video For Sales – Certification @ Vidyard
Skill,Video Planning
Skill,Video Production (Vidyard)
Skill,Vidyard
Skill,Visual & Creative: Photo Editing
Skill,Visual Communication
Skill,Visual Design
Skill,Visual Storytelling
Skill,Vml
Skill,Voice & Tone Development
Skill,Voice Of Customer (Voc) Feedback Loops
Skill,Waste Management
Skill,Web + Landing Page Content
Skill,Web And Cms Platforms (Wix
Skill,Web Pages
Skill,Web-Based Campaigns
Skill,Webflow
Skill,Webflow)
Skill,Webhook Implementation
Skill,Webinar Ops
Skill,Webinars
Skill,Website Builders & Cms (Wix
Skill,Website Optimization
Skill,Welch Allyn
Skill,Welcome Series
Skill,Welcome/ Win-Back Series
Skill,Win-Back Campaigns
Skill,Win/Loss Analysis
Skill,Winback Campaigns
Skill,With A Focus On Consistency
Skill,Wix
Skill,Wix Sales And Revenue Operations: B2B Saas Sales
Skill,Wix/Webflow
Skill,Wix/Webflow/Wordpress
Skill,Word)
Skill,Wordpress
Skill,Wordpress)
Skill,Wordpress/Cms Builders
Skill,Work Environment: Remote Work Fluency
Skill,Workflow Automation
Skill,Workflow & Collaboration: Asana
Skill,Workflow & Collaboration: Content Strategy
Skill,Workflow & Collaboration: Microsoft Office
Skill,Workflow & Collaboration: Slack
Skill,Workflow & Ops: Project Management
Skill,Workflow & Ops: Trello
Skill,Workflow And Tools: Slack
Skill,Workflow Configuration And Automation
Skill,Workflow Optimization
Skill,Workflow: Content Strategy
Skill,Workflow: Google Workspace (Docs
Skill,Workflow: Microsoft Office
Skill,Workflow: Slack
Skill,Writing & Ai Tools: Chatgpt
Skill,Writing & Ai: Chatgpt
Skill,Writing & Editing: Copywriting
Skill,Writing & Insight Tools: Chatgpt
Skill,Wrote For B2B/B2C Clients In Banking
Skill,Wysiwyg Editors
Skill,Wysiwyg)
Skill,Youtube
Skill,Youtube)
Skill,Zeta (Familiar)
Skill,Zoom
Skill,Zoominfo (Familiar)
